concept_id,keep_entry_in_codeset,comments,concept_name,standard_concept,standard_concept_caption,invalid_reason,invalid_reason_caption,concept_code,domain_id,vocabulary_id,concept_class_id
1036286,FALSE,,phenylephrine 1.2 MG/ML / prednisolone 5 MG/ML / sulfacetamide 100 MG/ML Ophthalmic Suspension,S,,NULL,,312193,Drug,RxNorm,Clinical Drug
1113120,FALSE,,aspirin 300 MG / methylprednisolone 1.5 MG Oral Tablet,S,,NULL,,245993,Drug,RxNorm,Clinical Drug
1136635,FALSE,,phenylephrine 1.2 MG/ML / prednisolone 10 MG/ML Ophthalmic Suspension,S,,NULL,,249424,Drug,RxNorm,Clinical Drug
1136641,FALSE,,phenylephrine 0.8 MG/ML / prednisolone 1 MG/ML Ophthalmic Suspension,S,,NULL,,251979,Drug,RxNorm,Clinical Drug
1506270,TRUE,,methylprednisolone,S,,NULL,,6902,Drug,RxNorm,Ingredient
1506312,TRUE,,methylprednisolone 2 MG Oral Tablet,S,,NULL,,197969,Drug,RxNorm,Clinical Drug
1506314,TRUE,,methylprednisolone 32 MG Oral Tablet,S,,NULL,,197971,Drug,RxNorm,Clinical Drug
1506315,TRUE,,methylprednisolone 8 MG Oral Tablet,S,,NULL,,197973,Drug,RxNorm,Clinical Drug
1506316,TRUE,,methylprednisolone 100 MG Oral Tablet,S,,NULL,,199771,Drug,RxNorm,Clinical Drug
1506426,TRUE,,methylprednisolone 4 MG Oral Tablet,S,,NULL,,259966,Drug,RxNorm,Clinical Drug
1506430,TRUE,,methylprednisolone 40 MG Injection,S,,NULL,,311659,Drug,RxNorm,Clinical Drug
1506472,TRUE,,methylprednisolone 2 MG,S,,NULL,,316285,Drug,RxNorm,Clinical Drug Comp
1506473,TRUE,,methylprednisolone 24 MG,S,,NULL,,316286,Drug,RxNorm,Clinical Drug Comp
1506474,TRUE,,methylprednisolone 32 MG,S,,NULL,,316287,Drug,RxNorm,Clinical Drug Comp
1506475,TRUE,,methylprednisolone 8 MG,S,,NULL,,316288,Drug,RxNorm,Clinical Drug Comp
1506476,TRUE,,methylprednisolone 16 MG,S,,NULL,,317426,Drug,RxNorm,Clinical Drug Comp
1506477,TRUE,,methylprednisolone 4 MG,S,,NULL,,317427,Drug,RxNorm,Clinical Drug Comp
1506479,TRUE,,methylprednisolone 16 MG Oral Tablet,S,,NULL,,328161,Drug,RxNorm,Clinical Drug
1506513,TRUE,,methylprednisolone 100 MG,S,,NULL,,332216,Drug,RxNorm,Clinical Drug Comp
1506516,TRUE,,methylprednisolone 20 MG/ML,S,,NULL,,337312,Drug,RxNorm,Clinical Drug Comp
1506520,TRUE,,methylprednisolone 62.5 MG/ML,S,,NULL,,346173,Drug,RxNorm,Clinical Drug Comp
1550557,TRUE,,prednisolone,S,,NULL,,8638,Drug,RxNorm,Ingredient
1550560,TRUE,,prednisolone 5 MG Oral Tablet,S,,NULL,,198142,Drug,RxNorm,Clinical Drug
1550561,TRUE,,prednisolone 1 MG Oral Tablet,S,,NULL,,199343,Drug,RxNorm,Clinical Drug
1550572,TRUE,,prednisolone 25 MG Oral Tablet,S,,NULL,,199967,Drug,RxNorm,Clinical Drug
1550577,FALSE,,prednisolone 1.25 MG/ML Ophthalmic Solution [Inflamase Mild],S,,NULL,,211752,Drug,RxNorm,Branded Drug
1550578,FALSE,,prednisolone 10 MG/ML Ophthalmic Solution [AK-Pred],S,,NULL,,211753,Drug,RxNorm,Branded Drug
1550579,FALSE,,prednisolone 10 MG/ML Ophthalmic Solution [Inflamase Forte],S,,NULL,,211754,Drug,RxNorm,Branded Drug
1550580,FALSE,,prednisolone 10 MG/ML Ophthalmic Solution [Prednisol],S,,NULL,,211755,Drug,RxNorm,Branded Drug
1550652,TRUE,,niacinamide 25 MG/ML / prednisolone 20 MG/ML Injectable Solution,S,,NULL,,242887,Drug,RxNorm,Clinical Drug
1550654,TRUE,,prednisolone 10 MG/ML Injectable Solution,S,,NULL,,249447,Drug,RxNorm,Clinical Drug
1550657,FALSE,,prednisolone 0.002 MG/MG Ophthalmic Ointment,S,,NULL,,252948,Drug,RxNorm,Clinical Drug
1550716,TRUE,,prednisolone 25 MG/ML Injectable Suspension [Cotolone],S,,NULL,,261992,Drug,RxNorm,Branded Drug
1550717,TRUE,,prednisolone 50 MG/ML Injectable Suspension [Cotolone],S,,NULL,,261993,Drug,RxNorm,Branded Drug
1550719,TRUE,,prednisolone 1 MG/ML Oral Solution [Prelone],S,,NULL,,284275,Drug,RxNorm,Branded Drug
1550720,TRUE,,prednisolone 3 MG/ML Oral Solution [Orapred],S,,NULL,,284516,Drug,RxNorm,Branded Drug
1550774,FALSE,,prednisolone 5 MG/ML Ophthalmic Solution,S,,NULL,,312611,Drug,RxNorm,Clinical Drug
1550775,TRUE,,prednisolone 1 MG/ML Oral Solution,S,,NULL,,312614,Drug,RxNorm,Clinical Drug
1550776,FALSE,,prednisolone 10 MG/ML Ophthalmic Solution,S,,NULL,,314165,Drug,RxNorm,Clinical Drug
1550777,TRUE,,prednisolone 5 MG,S,,NULL,,316579,Drug,RxNorm,Clinical Drug Comp
1550778,TRUE,,prednisolone 3 MG/ML,S,,NULL,,317474,Drug,RxNorm,Clinical Drug Comp
1550779,TRUE,,prednisolone 80 MG/ML,S,,NULL,,323918,Drug,RxNorm,Clinical Drug Comp
1550780,TRUE,,prednisolone 40 MG/ML,S,,NULL,,323977,Drug,RxNorm,Clinical Drug Comp
1550915,TRUE,,prednisolone 2 MG/ML,S,,NULL,,328812,Drug,RxNorm,Clinical Drug Comp
1550916,TRUE,,prednisolone 2.5 MG/ML,S,,NULL,,328813,Drug,RxNorm,Clinical Drug Comp
1550917,TRUE,,prednisolone 5 MG/ML,S,,NULL,,328814,Drug,RxNorm,Clinical Drug Comp
1550918,TRUE,,prednisolone 1.2 MG/ML,S,,NULL,,328815,Drug,RxNorm,Clinical Drug Comp
1550919,TRUE,,prednisolone 1.25 MG/ML,S,,NULL,,328816,Drug,RxNorm,Clinical Drug Comp
1550943,TRUE,,prednisolone 0.005 MG/MG,S,,NULL,,333913,Drug,RxNorm,Clinical Drug Comp
1550944,TRUE,,prednisolone 0.002 MG/MG,S,,NULL,,333914,Drug,RxNorm,Clinical Drug Comp
1550945,TRUE,,prednisolone 0.0025 MG/MG,S,,NULL,,333915,Drug,RxNorm,Clinical Drug Comp
1550946,TRUE,,prednisolone 0.3 MG/ML,S,,NULL,,335262,Drug,RxNorm,Clinical Drug Comp
1550947,TRUE,,prednisolone 0.2 MG/ML,S,,NULL,,335528,Drug,RxNorm,Clinical Drug Comp
1550948,TRUE,,prednisolone 2.5 MG,S,,NULL,,335529,Drug,RxNorm,Clinical Drug Comp
1550949,TRUE,,prednisolone 0.0019 MG/MG,S,,NULL,,335533,Drug,RxNorm,Clinical Drug Comp
1550950,TRUE,,prednisolone 1.3 MG,S,,NULL,,335535,Drug,RxNorm,Clinical Drug Comp
1550951,TRUE,,prednisolone 25 MG/ML,S,,NULL,,337411,Drug,RxNorm,Clinical Drug Comp
1550974,FALSE,,prednisolone 1.25 MG/ML Ophthalmic Solution,S,,NULL,,345131,Drug,RxNorm,Clinical Drug
1550975,TRUE,,prednisolone 5 MG Oral Tablet [Cotolone],S,,NULL,,351519,Drug,RxNorm,Branded Drug
1550980,TRUE,,prednisolone 4 MG/ML,S,,NULL,,446683,Drug,RxNorm,Clinical Drug Comp
1551003,FALSE,,prednisolone 10 MG/ML Ophthalmic Solution [Isolone Forte],S,,NULL,,542617,Drug,RxNorm,Branded Drug
1551004,TRUE,,prednisolone 25 MG/ML Injectable Suspension [Pricortin],S,,NULL,,547222,Drug,RxNorm,Branded Drug
1551005,FALSE,,prednisolone 1.2 MG/ML Ophthalmic Suspension,S,,NULL,,562379,Drug,RxNorm,Clinical Drug
1551006,TRUE,,prednisolone 20 MG/ML Injectable Suspension,S,,NULL,,562654,Drug,RxNorm,Clinical Drug
1551007,TRUE,,prednisolone 40 MG/ML Injectable Suspension,S,,NULL,,562661,Drug,RxNorm,Clinical Drug
1551008,TRUE,,prednisolone 80 MG/ML Injectable Suspension,S,,NULL,,562662,Drug,RxNorm,Clinical Drug
1551009,FALSE,,prednisolone 1.2 MG/ML Ophthalmic Solution,S,,NULL,,562781,Drug,RxNorm,Clinical Drug
1551010,TRUE,,prednisolone 10 MG Disintegrating Oral Tablet,S,,NULL,,643123,Drug,RxNorm,Clinical Drug
1551011,TRUE,,prednisolone 15 MG,S,,NULL,,643124,Drug,RxNorm,Clinical Drug Comp
1551042,TRUE,,prednisolone 15 MG Disintegrating Oral Tablet,S,,NULL,,643125,Drug,RxNorm,Clinical Drug
1551043,TRUE,,prednisolone 30 MG,S,,NULL,,643126,Drug,RxNorm,Clinical Drug Comp
1551044,TRUE,,prednisolone 30 MG Disintegrating Oral Tablet,S,,NULL,,643127,Drug,RxNorm,Clinical Drug
1551045,TRUE,,prednisolone 15 MG Disintegrating Oral Tablet [Orapred],S,,NULL,,647127,Drug,RxNorm,Branded Drug
1551046,TRUE,,prednisolone 10 MG Disintegrating Oral Tablet [Orapred],S,,NULL,,668658,Drug,RxNorm,Branded Drug
1551051,TRUE,,prednisolone 1 MG/ML Oral Suspension,S,,NULL,,792957,Drug,RxNorm,Clinical Drug
1551093,TRUE,,prednisolone 2 MG/ML Oral Solution,S,,NULL,,794979,Drug,RxNorm,Clinical Drug
1551098,TRUE,,prednisolone 4 MG/ML Oral Solution [Veripred],S,,NULL,,824889,Drug,RxNorm,Branded Drug
19001446,TRUE,,prednisolone 16 MG/ML Injectable Solution [Codelsol],S,,NULL,,102857,Drug,RxNorm,Branded Drug
19001447,TRUE,,prednisolone 5 MG Oral Tablet [Stintisone],S,,NULL,,102858,Drug,RxNorm,Branded Drug
19001448,TRUE,,prednisolone 16 MG/ML Injectable Solution,S,,NULL,,102859,Drug,RxNorm,Clinical Drug
19002013,TRUE,,prednisolone 16 MG/ML Injectable Solution [Codelson],S,,NULL,,103166,Drug,RxNorm,Branded Drug
19002079,FALSE,,prednisolone 5 MG/ML Ophthalmic Solution [Predsol],S,,NULL,,103223,Drug,RxNorm,Branded Drug
19002140,FALSE,,prednisolone 5 MG/ML Otic Solution [Predsol],S,,NULL,,103263,Drug,RxNorm,Branded Drug
19002161,FALSE,,prednisolone 5 MG/ML Otic Solution,S,,NULL,,103264,Drug,RxNorm,Clinical Drug
19003483,FALSE,,prednisolone 0.2 MG/ML Enema [Predenema],S,,NULL,,104171,Drug,RxNorm,Branded Drug
19003484,FALSE,,prednisolone 0.2 MG/ML Enema [Predsol],S,,NULL,,104172,Drug,RxNorm,Branded Drug
19003485,FALSE,,prednisolone 5 MG Rectal Suppository [Predsol],S,,NULL,,104173,Drug,RxNorm,Branded Drug
19003486,FALSE,,prednisolone 20 MG Enema [Predfoam],S,,NULL,,104174,Drug,RxNorm,Branded Drug
19006540,TRUE,,prednisolone 3 MG/ML [Orapred],S,,NULL,,574944,Drug,RxNorm,Branded Drug Comp
19006571,TRUE,,prednisolone 15 MG [Orapred],S,,NULL,,647125,Drug,RxNorm,Branded Drug Comp
19006572,TRUE,,prednisolone 10 MG [Orapred],S,,NULL,,668657,Drug,RxNorm,Branded Drug Comp
19006573,TRUE,,prednisolone 30 MG [Orapred],S,,NULL,,668659,Drug,RxNorm,Branded Drug Comp
19007004,TRUE,,methylprednisolone 50 MG/ML Injectable Solution,S,,NULL,,105404,Drug,RxNorm,Clinical Drug
19007005,TRUE,,prednisolone 5 MG Oral Tablet [Prednesol],S,,NULL,,105407,Drug,RxNorm,Branded Drug
19007006,TRUE,,prednisolone 2.5 MG Delayed Release Oral Tablet,S,,NULL,,105408,Drug,RxNorm,Clinical Drug
19007007,TRUE,,prednisolone 5 MG Delayed Release Oral Tablet,S,,NULL,,105409,Drug,RxNorm,Clinical Drug
19007008,TRUE,,prednisolone 5 MG Disintegrating Oral Tablet,S,,NULL,,105410,Drug,RxNorm,Clinical Drug
19007009,TRUE,,prednisolone 2.5 MG Oral Tablet,S,,NULL,,105411,Drug,RxNorm,Clinical Drug
19008239,FALSE,,prednisolone 5 MG/ML Ophthalmic Solution [Minims Prednisolone],S,,NULL,,106025,Drug,RxNorm,Branded Drug
19009430,FALSE,,prednisolone 0.01 MG/ML Ophthalmic Solution,S,,NULL,,106992,Drug,RxNorm,Clinical Drug
19009451,FALSE,,prednisolone 0.03 MG/ML Ophthalmic Solution,S,,NULL,,106993,Drug,RxNorm,Clinical Drug
19009452,FALSE,,prednisolone 0.1 MG/ML Ophthalmic Solution,S,,NULL,,106994,Drug,RxNorm,Clinical Drug
19009453,FALSE,,prednisolone 0.3 MG/ML Ophthalmic Solution,S,,NULL,,106995,Drug,RxNorm,Clinical Drug
19009454,FALSE,,prednisolone 1 MG/ML Ophthalmic Solution,S,,NULL,,106996,Drug,RxNorm,Clinical Drug
19009455,FALSE,,prednisolone 3 MG/ML Ophthalmic Solution,S,,NULL,,106997,Drug,RxNorm,Clinical Drug
19009885,FALSE,,prednisolone 20 MG Rectal Foam,S,,NULL,,107666,Drug,RxNorm,Clinical Drug
19010087,FALSE,,prednisolone 20 MG Rectal Foam [Predfoam],S,,NULL,,108304,Drug,RxNorm,Branded Drug
19019158,TRUE,,methylprednisolone 24 MG Oral Tablet,S,,NULL,,197970,Drug,RxNorm,Clinical Drug
19019692,TRUE,,prednisolone 80 MG/ML Injectable Solution,S,,NULL,,198143,Drug,RxNorm,Clinical Drug
19022611,FALSE,,prednisolone 5 MG/ML Ophthalmic Suspension,S,,NULL,,199968,Drug,RxNorm,Clinical Drug
19030441,FALSE,,gentamicin 3 MG/ML / prednisolone acetate 10 MG/ML Ophthalmic Suspension [Pred-G],S,,NULL,,205826,Drug,RxNorm,Branded Drug
19033819,FALSE,,prednisolone 1.2 MG/ML [Ocu-Pred],S,,NULL,,575551,Drug,RxNorm,Branded Drug Comp
19033841,FALSE,,prednisolone 10 MG/ML [Ocu-Pred Forte],S,,NULL,,575552,Drug,RxNorm,Branded Drug Comp
19034645,TRUE,,methylprednisolone 2 MG Oral Tablet [Medrol],S,,NULL,,207136,Drug,RxNorm,Branded Drug
19034646,TRUE,,methylprednisolone 8 MG Oral Tablet [Medrol],S,,NULL,,207137,Drug,RxNorm,Branded Drug
19034647,TRUE,,methylprednisolone 16 MG Oral Tablet [Medrol],S,,NULL,,207138,Drug,RxNorm,Branded Drug
19034648,TRUE,,methylprednisolone 24 MG Oral Tablet [Medrol],S,,NULL,,207139,Drug,RxNorm,Branded Drug
19034650,TRUE,,methylprednisolone 32 MG Oral Tablet [Medrol],S,,NULL,,207141,Drug,RxNorm,Branded Drug
19034804,TRUE,,methylprednisolone 40 MG Injection [A-MethaPred],S,,NULL,,207190,Drug,RxNorm,Branded Drug
19034805,TRUE,,methylprednisolone 40 MG Injection [Solu-Medrol],S,,NULL,,207191,Drug,RxNorm,Branded Drug
19034806,TRUE,,methylprednisolone 125 MG Injection [A-MethaPred],S,,NULL,,207192,Drug,RxNorm,Branded Drug
19034807,TRUE,,methylprednisolone 62.5 MG/ML Injectable Solution [Solu-Medrol],S,,NULL,,207193,Drug,RxNorm,Branded Drug
19036100,FALSE,,neomycin 3.5 MG/ML / polymyxin B 10000 UNT/ML / prednisolone 5 MG/ML Ophthalmic Suspension [Poly Pred],S,,NULL,,207638,Drug,RxNorm,Branded Drug
19040242,TRUE,,prednisolone acetate 5 MG Oral Tablet,S,,NULL,,208988,Drug,RxNorm,Clinical Drug
19040276,FALSE,,prednisolone 1.2 MG/ML Ophthalmic Suspension [Pred Mild],S,,NULL,,209002,Drug,RxNorm,Branded Drug
19042857,TRUE,,prednisolone 4 MG/ML [Veripred],S,,NULL,,824887,Drug,RxNorm,Branded Drug Comp
19043507,TRUE,,methylprednisolone 2 MG [Medrol],S,,NULL,,567927,Drug,RxNorm,Branded Drug Comp
19043508,TRUE,,methylprednisolone 8 MG [Medrol],S,,NULL,,567928,Drug,RxNorm,Branded Drug Comp
19043509,TRUE,,methylprednisolone 16 MG [Medrol],S,,NULL,,567929,Drug,RxNorm,Branded Drug Comp
19043531,TRUE,,methylprednisolone 32 MG [Medrol],S,,NULL,,567932,Drug,RxNorm,Branded Drug Comp
19043532,TRUE,,methylprednisolone 4 MG [Medrol],S,,NULL,,574125,Drug,RxNorm,Branded Drug Comp
19044143,TRUE,,prednisolone 1.2 MG/ML [Pred Mild],S,,NULL,,569642,Drug,RxNorm,Branded Drug Comp
19046405,FALSE,,prednisolone 1.25 MG/ML Ophthalmic Solution [AK-Pred],S,,NULL,,211751,Drug,RxNorm,Branded Drug
19048394,TRUE,,methylprednisolone 62.5 MG/ML [Solu-Medrol],S,,NULL,,567984,Drug,RxNorm,Branded Drug Comp
19048691,TRUE,,prednisolone 20 MG/ML Injectable Suspension [Hydeltra-T.B.A.],S,,NULL,,214105,Drug,RxNorm,Branded Drug
916347,FALSE,,neomycin 5 MG / prednisolone 5 MG Topical Ointment,S,,NULL,,311931,Drug,RxNorm,Clinical Drug
923877,FALSE,,dibucaine 0.005 MG/MG / prednisolone 0.0019 MG/MG Rectal Ointment,S,,NULL,,249191,Drug,RxNorm,Clinical Drug
948692,FALSE,,neomycin 3.5 MG/ML / polymyxin B 10000 UNT/ML / prednisolone 5 MG/ML Ophthalmic Suspension,S,,NULL,,311888,Drug,RxNorm,Clinical Drug
990095,FALSE,,chloramphenicol 1 MG/ML / prednisolone 5 MG/ML Ophthalmic Solution,S,,NULL,,246727,Drug,RxNorm,Clinical Drug
990100,FALSE,,chloramphenicol 2 MG/ML / prednisolone 5 MG/ML Ophthalmic Suspension,S,,NULL,,249573,Drug,RxNorm,Clinical Drug
1594688,TRUE,,prednisolone acetate 0.006 MG/MG,S,,NULL,,1870654,Drug,RxNorm,Clinical Drug Comp
1594690,FALSE,,gentamicin / prednisolone Ophthalmic Ointment,S,,NULL,,1870656,Drug,RxNorm,Clinical Drug Form
1594691,FALSE,,gentamicin 0.003 MG/MG / prednisolone acetate 0.006 MG/MG [Pred-G],S,,NULL,,1870659,Drug,RxNorm,Branded Drug Comp
1594692,FALSE,,gentamicin / prednisolone Ophthalmic Ointment [Pred-G],S,,NULL,,1870660,Drug,RxNorm,Branded Drug Form
1594693,FALSE,,gentamicin / prednisolone Ophthalmic Suspension,S,,NULL,,1870666,Drug,RxNorm,Clinical Drug Form
1594694,FALSE,,gentamicin 3 MG/ML / prednisolone acetate 10 MG/ML [Pred-G],S,,NULL,,1870668,Drug,RxNorm,Branded Drug Comp
1594695,FALSE,,gentamicin / prednisolone Ophthalmic Suspension [Pred-G],S,,NULL,,1870669,Drug,RxNorm,Branded Drug Form
19070310,TRUE,,prednisolone 3 MG/ML Oral Solution,S,,NULL,,283077,Drug,RxNorm,Clinical Drug
19070678,TRUE,,prednisolone 25 MG/ML [Key-Pred],S,,NULL,,574179,Drug,RxNorm,Branded Drug Comp
19070679,TRUE,,prednisolone 50 MG/ML [Key-Pred],S,,NULL,,574182,Drug,RxNorm,Branded Drug Comp
19071469,TRUE,,prednisolone 10 MG/ML [Isolone Forte],S,,NULL,,542615,Drug,RxNorm,Branded Drug Comp
19072791,TRUE,,prednisolone 50 MG/ML [Medicort],S,,NULL,,574183,Drug,RxNorm,Branded Drug Comp
19076982,TRUE,,prednisolone 1 MG/ML [Pediapred],S,,NULL,,574196,Drug,RxNorm,Branded Drug Comp
19077602,FALSE,,gentamicin 0.003 MG/MG / prednisolone acetate 0.006 MG/MG Ophthalmic Ointment,S,,NULL,,310468,Drug,RxNorm,Clinical Drug
19077603,FALSE,,gentamicin 3 MG/ML / prednisolone acetate 10 MG/ML Ophthalmic Suspension,S,,NULL,,310469,Drug,RxNorm,Clinical Drug
19078058,TRUE,,prednisolone 50 MG/ML [Pred-Ject-50],S,,NULL,,574184,Drug,RxNorm,Branded Drug Comp
19078060,TRUE,,prednisolone 50 MG/ML [Predacort 50],S,,NULL,,574185,Drug,RxNorm,Branded Drug Comp
19078084,TRUE,,prednisolone 50 MG/ML [Predaject-50],S,,NULL,,574186,Drug,RxNorm,Branded Drug Comp
19078086,TRUE,,prednisolone 50 MG/ML [Predalone 50],S,,NULL,,574187,Drug,RxNorm,Branded Drug Comp
19078088,TRUE,,prednisolone 50 MG/ML [Predate-50],S,,NULL,,574188,Drug,RxNorm,Branded Drug Comp
19078111,TRUE,,prednisolone 50 MG/ML [Predcor],S,,NULL,,574189,Drug,RxNorm,Branded Drug Comp
19078141,TRUE,,prednisolone 3 MG/ML [Prelone],S,,NULL,,569628,Drug,RxNorm,Branded Drug Comp
19078142,TRUE,,prednisolone 1 MG/ML [Prelone],S,,NULL,,574754,Drug,RxNorm,Branded Drug Comp
19078293,TRUE,,prednisolone 50 MG/ML [Pri-Cortin 50],S,,NULL,,574191,Drug,RxNorm,Branded Drug Comp
19079356,FALSE,,prednisolone 2 MG/ML / sulfacetamide 100 MG/ML Ophthalmic Solution,S,,NULL,,312601,Drug,RxNorm,Clinical Drug
19079358,FALSE,,prednisolone 2 MG/ML / sulfacetamide 200 MG/ML Ophthalmic Suspension,S,,NULL,,312603,Drug,RxNorm,Clinical Drug
19079359,FALSE,,prednisolone 2.5 MG/ML Ophthalmic Suspension,S,,NULL,,312604,Drug,RxNorm,Clinical Drug
19079404,TRUE,,prednisolone 100 MG/ML Injectable Suspension,S,,NULL,,312609,Drug,RxNorm,Clinical Drug
19080181,TRUE,,methylprednisolone 62.5 MG/ML Injectable Solution,S,,NULL,,314099,Drug,RxNorm,Clinical Drug
19082977,TRUE,,prednisolone 10 MG/ML,S,,NULL,,328310,Drug,RxNorm,Clinical Drug Comp
19083175,TRUE,,prednisolone 20 MG/ML,S,,NULL,,328808,Drug,RxNorm,Clinical Drug Comp
19083176,TRUE,,prednisolone 1 MG/ML,S,,NULL,,328809,Drug,RxNorm,Clinical Drug Comp
19084229,TRUE,,methylprednisolone 40 MG,S,,NULL,,330037,Drug,RxNorm,Clinical Drug Comp
19084526,TRUE,,prednisolone 100 MG/ML,S,,NULL,,330164,Drug,RxNorm,Clinical Drug Comp
19089451,TRUE,,prednisolone 1 MG,S,,NULL,,333209,Drug,RxNorm,Clinical Drug Comp
19089452,TRUE,,prednisolone 25 MG,S,,NULL,,333210,Drug,RxNorm,Clinical Drug Comp
19090623,TRUE,,methylprednisolone 1.5 MG,S,,NULL,,334064,Drug,RxNorm,Clinical Drug Comp
19091759,TRUE,,prednisolone 20 MG/ACTUAT,S,,NULL,,335531,Drug,RxNorm,Clinical Drug Comp
19091760,TRUE,,prednisolone 100 MG,S,,NULL,,335532,Drug,RxNorm,Clinical Drug Comp
19092830,TRUE,,prednisolone 20 MG,S,,NULL,,336584,Drug,RxNorm,Clinical Drug Comp
19093831,TRUE,,methylprednisolone 1 MG/ML,S,,NULL,,340167,Drug,RxNorm,Clinical Drug Comp
19095559,TRUE,,prednisolone 50 MG/ML,S,,NULL,,343660,Drug,RxNorm,Clinical Drug Comp
19095716,TRUE,,prednisolone 0.01 MG/ML,S,,NULL,,345097,Drug,RxNorm,Clinical Drug Comp
19095717,TRUE,,prednisolone 0.03 MG/ML,S,,NULL,,345098,Drug,RxNorm,Clinical Drug Comp
19095718,TRUE,,prednisolone 0.1 MG/ML,S,,NULL,,345099,Drug,RxNorm,Clinical Drug Comp
19095811,TRUE,,prednisolone acetate 3 MG/ML,S,,NULL,,345878,Drug,RxNorm,Clinical Drug Comp
19095812,TRUE,,prednisolone acetate 5 MG,S,,NULL,,345879,Drug,RxNorm,Clinical Drug Comp
19095813,TRUE,,prednisolone acetate 20 MG/ML,S,,NULL,,345880,Drug,RxNorm,Clinical Drug Comp
19096255,FALSE,,prednisolone 1.1 MG/ML Ophthalmic Solution,S,,NULL,,347155,Drug,RxNorm,Clinical Drug
19096439,TRUE,,prednisolone 50 MG Oral Tablet,S,,NULL,,348428,Drug,RxNorm,Clinical Drug
19096935,TRUE,,prednisolone 50 MG,S,,NULL,,349801,Drug,RxNorm,Clinical Drug Comp
19097091,TRUE,,prednisolone 1.1 MG/ML,S,,NULL,,349970,Drug,RxNorm,Clinical Drug Comp
19098154,TRUE,,prednisolone 25 MG/ML Oral Solution,S,,NULL,,351159,Drug,RxNorm,Clinical Drug
19098260,FALSE,,prednisolone 1.2 MG/ML Ophthalmic Solution [Ocu-Pred],S,,NULL,,351703,Drug,RxNorm,Branded Drug
19098261,FALSE,,prednisolone 10 MG/ML Ophthalmic Solution [Ocu-Pred Forte],S,,NULL,,351704,Drug,RxNorm,Branded Drug
19098918,TRUE,,prednisolone 16 MG/ML,S,,NULL,,353628,Drug,RxNorm,Clinical Drug Comp
19099970,TRUE,,methylprednisolone 50 MG/ML,S,,NULL,,360536,Drug,RxNorm,Clinical Drug Comp
19101719,TRUE,,prednisolone 20 MG/ML Injectable Solution,S,,NULL,,389031,Drug,RxNorm,Clinical Drug
19101839,FALSE,,prednisolone 25 MG/ML Ophthalmic Suspension,S,,NULL,,392181,Drug,RxNorm,Clinical Drug
19103259,FALSE,,prednisolone 2.5 MG/ML Topical Spray,S,,NULL,,409432,Drug,RxNorm,Clinical Drug
19104123,TRUE,,prednisolone 8 MG/ML Injectable Suspension,S,,NULL,,412642,Drug,RxNorm,Clinical Drug
19104572,FALSE,,prednisolone 5 MG/ML / propylene glycol salicylate 1 MG/ML Topical Cream,S,,NULL,,415640,Drug,RxNorm,Clinical Drug
19104623,TRUE,,methylprednisolone 20 MG/ML Injectable Solution,S,,NULL,,415817,Drug,RxNorm,Clinical Drug
19104629,TRUE,,methylprednisolone 5 MG/ML Injectable Solution,S,,NULL,,415856,Drug,RxNorm,Clinical Drug
19104630,TRUE,,methylprednisolone 10 MG/ML Injectable Solution,S,,NULL,,415857,Drug,RxNorm,Clinical Drug
19104651,FALSE,,prednisolone 0.01 MG/MG Topical Gel,S,,NULL,,415884,Drug,RxNorm,Clinical Drug
19104742,FALSE,,bisdequalinium 4.8 MG/ML / prednisolone 2.5 MG/ML Topical Cream,S,,NULL,,416363,Drug,RxNorm,Clinical Drug
19104774,FALSE,,dequalinium 0.003 MG/MG / polidocanol 0.003 MG/MG / prednisolone 0.005 MG/MG Topical Gel,S,,NULL,,416545,Drug,RxNorm,Clinical Drug
19104778,FALSE,,estradiol 0.05 MG/ML / prednisolone 4 MG/ML Topical Cream,S,,NULL,,416566,Drug,RxNorm,Clinical Drug
19104786,FALSE,,clotrimazole 10 MG/ML / hexamidine 2.5 MG/ML / prednisolone 5 MG/ML Topical Cream,S,,NULL,,416576,Drug,RxNorm,Clinical Drug
19104787,FALSE,,oxyquinoline 2.5 MG/ML / prednisolone 2.5 MG/ML Topical Cream,S,,NULL,,416577,Drug,RxNorm,Clinical Drug
19104825,FALSE,,prednisolone 0.005 MG/MG Paste,S,,NULL,,416681,Drug,RxNorm,Clinical Drug
19104893,FALSE,,prednisolone 0.01 MG/MG / rifamycins 0.0025 MG/MG Topical Ointment,S,,NULL,,417022,Drug,RxNorm,Clinical Drug
19104954,FALSE,,neomycin 3 MG/ML / prednisolone 4 MG/ML Topical Cream,S,,NULL,,417397,Drug,RxNorm,Clinical Drug
19105023,FALSE,,idoxuridine 0.002 MG/MG / prednisolone 0.002 MG/MG Topical Ointment,S,,NULL,,417779,Drug,RxNorm,Clinical Drug
19105044,FALSE,,prednisolone 2.5 MG/ML Topical Cream,S,,NULL,,417893,Drug,RxNorm,Clinical Drug
19105046,FALSE,,prednisolone 4 MG/ML Topical Cream,S,,NULL,,417896,Drug,RxNorm,Clinical Drug
19105148,FALSE,,oxytetracycline 0.005 MG/MG / prednisolone 0.0025 MG/MG Topical Ointment,S,,NULL,,418460,Drug,RxNorm,Clinical Drug
19105248,FALSE,,polidocanol 0.03 MG/MG / prednisolone 0.004 MG/MG / promethazine 0.02 MG/MG Topical Ointment,S,,NULL,,418925,Drug,RxNorm,Clinical Drug
19105254,FALSE,,prednisolone 0.005 MG/MG Topical Ointment,S,,NULL,,418972,Drug,RxNorm,Clinical Drug
19105257,FALSE,,prednisolone 0.002 MG/MG Topical Ointment,S,,NULL,,418976,Drug,RxNorm,Clinical Drug
19105258,FALSE,,prednisolone 0.001 MG/MG Topical Ointment,S,,NULL,,418977,Drug,RxNorm,Clinical Drug
19105259,FALSE,,prednisolone 0.0025 MG/MG Topical Ointment,S,,NULL,,418978,Drug,RxNorm,Clinical Drug
19105263,FALSE,,prednisolone 0.004 MG/MG / zinc oxide 0.03 MG/MG Topical Ointment,S,,NULL,,418987,Drug,RxNorm,Clinical Drug
19105274,FALSE,,chloramphenicol 0.002 MG/MG / prednisolone 0.005 MG/MG Topical Ointment,S,,NULL,,419051,Drug,RxNorm,Clinical Drug
19105445,FALSE,,prednisolone 2 MG/ML / salicylic acid 4 MG/ML Topical Solution,S,,NULL,,420747,Drug,RxNorm,Clinical Drug
19105451,FALSE,,prednisolone 100 MG Rectal Suppository,S,,NULL,,420775,Drug,RxNorm,Clinical Drug
19105515,FALSE,,menthol 10 MG / prednisolone 1 MG / thymol 0.5 MG Rectal Suppository,S,,NULL,,421255,Drug,RxNorm,Clinical Drug
19105526,FALSE,,dibucaine 1 MG / prednisolone 1.1 MG Rectal Suppository,S,,NULL,,421326,Drug,RxNorm,Clinical Drug
19105547,FALSE,,bismuth chloride oxide 44 MG / prednisolone 2 MG / zinc oxide 66 MG Rectal Suppository,S,,NULL,,421480,Drug,RxNorm,Clinical Drug
19105809,FALSE,,prednisolone 20 MG Enema,S,,NULL,,422650,Drug,RxNorm,Clinical Drug
19106398,FALSE,,dexpanthenol 3 MG/ML / prednisolone 2 MG/ML / salicylic acid 10 MG/ML Topical Solution,S,,NULL,,428443,Drug,RxNorm,Clinical Drug
19106650,TRUE,,methylprednisolone 40 MG Oral Tablet,S,,NULL,,429197,Drug,RxNorm,Clinical Drug
19106651,TRUE,,prednisolone 2 MG Oral Tablet,S,,NULL,,429198,Drug,RxNorm,Clinical Drug
19106652,TRUE,,prednisolone 20 MG Oral Tablet,S,,NULL,,429199,Drug,RxNorm,Clinical Drug
19108490,TRUE,,prednisolone 10 MG Oral Tablet,S,,NULL,,436279,Drug,RxNorm,Clinical Drug
19108506,TRUE,,prednisolone 100 MG/ML Injectable Solution,S,,NULL,,436507,Drug,RxNorm,Clinical Drug
19108507,TRUE,,fluprednisolone 1.5 MG Oral Tablet,S,,NULL,,436508,Drug,RxNorm,Clinical Drug
19108522,FALSE,,prednisolone 5 MG/ML Topical Cream,S,,NULL,,436615,Drug,RxNorm,Clinical Drug
19110389,TRUE,,prednisolone 0.004 MG/MG,S,,NULL,,440700,Drug,RxNorm,Clinical Drug Comp
19110847,TRUE,,methylprednisolone 10 MG/ML,S,,NULL,,446407,Drug,RxNorm,Clinical Drug Comp
19110848,TRUE,,methylprednisolone 5 MG/ML,S,,NULL,,446408,Drug,RxNorm,Clinical Drug Comp
19111234,TRUE,,fluprednisolone,S,,NULL,,4497,Drug,RxNorm,Ingredient
19111612,TRUE,,prednisolone 2 MG,S,,NULL,,451086,Drug,RxNorm,Clinical Drug Comp
19111614,TRUE,,prednisolone 1.1 MG,S,,NULL,,451089,Drug,RxNorm,Clinical Drug Comp
19111617,TRUE,,prednisolone 0.001 MG/MG,S,,NULL,,451093,Drug,RxNorm,Clinical Drug Comp
19111626,TRUE,,prednisolone 8 MG/ML,S,,NULL,,451110,Drug,RxNorm,Clinical Drug Comp
19111657,TRUE,,prednisolone 0.01 MG/MG,S,,NULL,,451161,Drug,RxNorm,Clinical Drug Comp
19112000,TRUE,,fluprednisolone 1.5 MG,S,,NULL,,451836,Drug,RxNorm,Clinical Drug Comp
19112502,TRUE,,prednisolone 10 MG,S,,NULL,,452820,Drug,RxNorm,Clinical Drug Comp
19113164,TRUE,,prednisolone 5 MG/ML [Prelone],S,,NULL,,539944,Drug,RxNorm,Branded Drug Comp
19113720,TRUE,,prednisolone 1.1 MG/ML [AK-Pred],S,,NULL,,541543,Drug,RxNorm,Branded Drug Comp
19113721,TRUE,,prednisolone 1.1 MG/ML Ophthalmic Solution [AK-Pred],S,,NULL,,541544,Drug,RxNorm,Branded Drug
19113763,TRUE,,prednisolone 5 MG [Prednoral],S,,NULL,,541703,Drug,RxNorm,Branded Drug Comp
19113764,TRUE,,prednisolone 5 MG Oral Tablet [Prednoral],S,,NULL,,541705,Drug,RxNorm,Branded Drug
19114037,TRUE,,prednisolone 10 MG/ML [Pred-Phosphate],S,,NULL,,542619,Drug,RxNorm,Branded Drug Comp
19114038,TRUE,,prednisolone 10 MG/ML Ophthalmic Solution [Pred-Phosphate],S,,NULL,,542621,Drug,RxNorm,Branded Drug
19115026,TRUE,,prednisolone 25 MG/ML [Pricortin],S,,NULL,,547220,Drug,RxNorm,Branded Drug Comp
19115460,TRUE,,prednisolone 16 MG/ML [Codelsol],S,,NULL,,563156,Drug,RxNorm,Branded Drug Comp
19115461,TRUE,,prednisolone 5 MG [Stintisone],S,,NULL,,563157,Drug,RxNorm,Branded Drug Comp
19115543,TRUE,,prednisolone 16 MG/ML [Codelson],S,,NULL,,563254,Drug,RxNorm,Branded Drug Comp
19115558,TRUE,,prednisolone 5 MG/ML [Predsol],S,,NULL,,563270,Drug,RxNorm,Branded Drug Comp
19115784,TRUE,,prednisolone 0.2 MG/ML [Predenema],S,,NULL,,563536,Drug,RxNorm,Branded Drug Comp
19115785,TRUE,,prednisolone 0.2 MG/ML [Predsol],S,,NULL,,563537,Drug,RxNorm,Branded Drug Comp
19115786,TRUE,,prednisolone 5 MG [Predsol],S,,NULL,,563538,Drug,RxNorm,Branded Drug Comp
19115787,TRUE,,prednisolone 20 MG [Predfoam],S,,NULL,,563539,Drug,RxNorm,Branded Drug Comp
19116163,TRUE,,prednisolone 5 MG [Prednesol],S,,NULL,,564053,Drug,RxNorm,Branded Drug Comp
19116365,TRUE,,prednisolone 5 MG/ML [Minims Prednisolone],S,,NULL,,564291,Drug,RxNorm,Branded Drug Comp
19118280,TRUE,,methylprednisolone 24 MG [Medrol],S,,NULL,,567930,Drug,RxNorm,Branded Drug Comp
19118446,FALSE,,neomycin 3.5 MG/ML / polymyxin B 10000 UNT/ML / prednisolone 5 MG/ML [Poly Pred],S,,NULL,,568390,Drug,RxNorm,Branded Drug Comp
19119988,TRUE,,prednisolone 1.25 MG/ML [AK-Pred],S,,NULL,,572088,Drug,RxNorm,Branded Drug Comp
19119989,TRUE,,prednisolone 1.25 MG/ML [Inflamase Mild],S,,NULL,,572089,Drug,RxNorm,Branded Drug Comp
19119990,TRUE,,prednisolone 10 MG/ML [AK-Pred],S,,NULL,,572090,Drug,RxNorm,Branded Drug Comp
19119991,TRUE,,prednisolone 10 MG/ML [Inflamase Forte],S,,NULL,,572091,Drug,RxNorm,Branded Drug Comp
19119992,TRUE,,prednisolone 10 MG/ML [Prednisol],S,,NULL,,572092,Drug,RxNorm,Branded Drug Comp
19120461,TRUE,,prednisolone 20 MG/ML [Hydeltra-T.B.A.],S,,NULL,,573944,Drug,RxNorm,Branded Drug Comp
19120584,TRUE,,prednisolone 25 MG/ML [Predcor],S,,NULL,,574180,Drug,RxNorm,Branded Drug Comp
19120585,TRUE,,prednisolone 50 MG/ML [Predicort-50],S,,NULL,,574190,Drug,RxNorm,Branded Drug Comp
19120586,TRUE,,prednisolone 20 MG/ML [Hydeltrasol],S,,NULL,,574193,Drug,RxNorm,Branded Drug Comp
19120587,TRUE,,prednisolone 20 MG/ML [Key-Pred SP],S,,NULL,,574194,Drug,RxNorm,Branded Drug Comp
19120588,TRUE,,prednisolone 20 MG/ML [Predicort RP],S,,NULL,,574195,Drug,RxNorm,Branded Drug Comp
19121518,FALSE,,prednisolone 2 MG/ML / sulfacetamide 100 MG/ML Ophthalmic Ointment,S,,NULL,,580007,Drug,RxNorm,Clinical Drug
19121519,FALSE,,prednisolone 1.25 MG/ML [Ocu-Pred],S,,NULL,,580010,Drug,RxNorm,Branded Drug Comp
19121520,FALSE,,prednisolone 1.25 MG/ML Ophthalmic Solution [Ocu-Pred],S,,NULL,,580011,Drug,RxNorm,Branded Drug
19122781,TRUE,,prednisolone 1 MG/ML [Bubbli-Pred],S,,NULL,,604202,Drug,RxNorm,Branded Drug Comp
19122782,TRUE,,prednisolone 1 MG/ML Oral Solution [Bubbli-Pred],S,,NULL,,604204,Drug,RxNorm,Branded Drug
19125148,TRUE,,prednisolone 30 MG Disintegrating Oral Tablet [Orapred],S,,NULL,,668660,Drug,RxNorm,Branded Drug
19126169,TRUE,,prednisolone 4 MG/ML Oral Solution,S,,NULL,,702306,Drug,RxNorm,Clinical Drug
19128780,TRUE,,prednisolone 3 MG/ML Oral Solution [Prelone],S,,NULL,,755702,Drug,RxNorm,Branded Drug
19128781,TRUE,,prednisolone 5 MG/ML Oral Solution [Prelone],S,,NULL,,755703,Drug,RxNorm,Branded Drug
19128896,TRUE,,prednisolone acetate 3 MG/ML Oral Solution,S,,NULL,,755936,Drug,RxNorm,Clinical Drug
35606531,TRUE,,methylprednisolone 125 MG,S,,NULL,,1743702,Drug,RxNorm,Clinical Drug Comp
35606532,TRUE,,methylprednisolone Injection,S,,NULL,,1743703,Drug,RxNorm,Clinical Drug Form
35606533,TRUE,,methylprednisolone 125 MG Injection,S,,NULL,,1743704,Drug,RxNorm,Clinical Drug
35606534,TRUE,,methylprednisolone 125 MG [Solu-Medrol],S,,NULL,,1743705,Drug,RxNorm,Branded Drug Comp
35606535,TRUE,,methylprednisolone Injection [Solu-Medrol],S,,NULL,,1743706,Drug,RxNorm,Branded Drug Form
35606536,TRUE,,methylprednisolone 125 MG Injection [Solu-Medrol],S,,NULL,,1743707,Drug,RxNorm,Branded Drug
35606537,TRUE,,methylprednisolone 500 MG,S,,NULL,,1743719,Drug,RxNorm,Clinical Drug Comp
35606538,TRUE,,methylprednisolone 500 MG Injection,S,,NULL,,1743720,Drug,RxNorm,Clinical Drug
35606539,TRUE,,methylprednisolone 500 MG [Solu-Medrol],S,,NULL,,1743721,Drug,RxNorm,Branded Drug Comp
35606540,TRUE,,methylprednisolone 500 MG Injection [Solu-Medrol],S,,NULL,,1743722,Drug,RxNorm,Branded Drug
35606541,TRUE,,methylprednisolone 1000 MG,S,,NULL,,1743725,Drug,RxNorm,Clinical Drug Comp
35606542,TRUE,,methylprednisolone 1000 MG Injection,S,,NULL,,1743726,Drug,RxNorm,Clinical Drug
35606543,TRUE,,methylprednisolone 1000 MG [Solu-Medrol],S,,NULL,,1743727,Drug,RxNorm,Branded Drug Comp
35606544,TRUE,,methylprednisolone 1000 MG Injection [Solu-Medrol],S,,NULL,,1743729,Drug,RxNorm,Branded Drug
35606545,TRUE,,1 ML methylprednisolone acetate 40 MG/ML Injection,S,,NULL,,1743779,Drug,RxNorm,Quant Clinical Drug
35606546,TRUE,,methylprednisolone Injection [Depo-Medrol],S,,NULL,,1743780,Drug,RxNorm,Branded Drug Form
35606547,TRUE,,1 ML methylprednisolone acetate 40 MG/ML Injection [Depo-Medrol],S,,NULL,,1743781,Drug,RxNorm,Quant Branded Drug
35606548,TRUE,,methylprednisolone acetate 40 MG/ML Injection,S,,NULL,,1743782,Drug,RxNorm,Clinical Drug
35606549,TRUE,,methylprednisolone acetate 40 MG/ML Injection [Depo-Medrol],S,,NULL,,1743783,Drug,RxNorm,Branded Drug
35606554,TRUE,,1 ML methylprednisolone acetate 80 MG/ML Injection,S,,NULL,,1743855,Drug,RxNorm,Quant Clinical Drug
35606555,TRUE,,1 ML methylprednisolone acetate 80 MG/ML Injection [Depo-Medrol],S,,NULL,,1743856,Drug,RxNorm,Quant Branded Drug
35606556,TRUE,,methylprednisolone acetate 80 MG/ML Injection,S,,NULL,,1743857,Drug,RxNorm,Clinical Drug
35606557,TRUE,,methylprednisolone acetate 80 MG/ML Injection [Depo-Medrol],S,,NULL,,1743858,Drug,RxNorm,Branded Drug
35606592,TRUE,,methylprednisolone 2000 MG,S,,NULL,,1744013,Drug,RxNorm,Clinical Drug Comp
35606593,TRUE,,methylprednisolone 2000 MG [Solu-Medrol],S,,NULL,,1744015,Drug,RxNorm,Branded Drug Comp
35606594,TRUE,,methylprednisolone 40 MG [Solu-Medrol],S,,NULL,,1744018,Drug,RxNorm,Branded Drug Comp
35606595,TRUE,,methylprednisolone 40 MG [A-MethaPred],S,,NULL,,1744020,Drug,RxNorm,Branded Drug Comp
35606596,TRUE,,methylprednisolone Injection [A-MethaPred],S,,NULL,,1744021,Drug,RxNorm,Branded Drug Form
35606597,TRUE,,methylprednisolone 125 MG [A-MethaPred],S,,NULL,,1744024,Drug,RxNorm,Branded Drug Comp
40036260,FALSE,,dibucaine / prednisolone Rectal Ointment,S,,NULL,,373581,Drug,RxNorm,Clinical Drug Form
40036261,FALSE,,dibucaine / prednisolone Rectal Suppository,S,,NULL,,373582,Drug,RxNorm,Clinical Drug Form
40037350,TRUE,,fluprednisolone Oral Tablet,S,,NULL,,451837,Drug,RxNorm,Clinical Drug Form
40042041,FALSE,,estradiol / prednisolone Topical Cream,S,,NULL,,451127,Drug,RxNorm,Clinical Drug Form
40044443,TRUE,,prednisolone Injectable Suspension [Hydeltra-T.B.A.],S,,NULL,,365598,Drug,RxNorm,Branded Drug Form
40048619,FALSE,,idoxuridine / prednisolone Topical Ointment,S,,NULL,,451124,Drug,RxNorm,Clinical Drug Form
40056000,FALSE,,dexpanthenol / prednisolone / salicylic acid Topical Solution,S,,NULL,,451092,Drug,RxNorm,Clinical Drug Form
40058502,FALSE,,polidocanol / prednisolone / promethazine Topical Ointment,S,,NULL,,440702,Drug,RxNorm,Clinical Drug Form
40060699,FALSE,,methylprednisolone Enema,S,,NULL,,372865,Drug,RxNorm,Clinical Drug Form
40060701,TRUE,,methylprednisolone Injectable Solution,S,,NULL,,376656,Drug,RxNorm,Clinical Drug Form
40060704,TRUE,,methylprednisolone Injectable Solution [Solu-Medrol],S,,NULL,,362772,Drug,RxNorm,Branded Drug Form
40060705,TRUE,,methylprednisolone Injectable Suspension,S,,NULL,,372866,Drug,RxNorm,Clinical Drug Form
40060710,TRUE,,methylprednisolone Injectable Suspension [Depo-Medrol],S,,NULL,,365570,Drug,RxNorm,Branded Drug Form
40060727,FALSE,,methylprednisolone Ophthalmic Solution,S,,NULL,,372867,Drug,RxNorm,Clinical Drug Form
40060728,TRUE,,methylprednisolone Oral Tablet,S,,NULL,,372868,Drug,RxNorm,Clinical Drug Form
40060730,TRUE,,methylprednisolone Oral Tablet [Medrol],S,,NULL,,368772,Drug,RxNorm,Branded Drug Form
40060734,FALSE,,methylprednisolone Topical Cream,S,,NULL,,377758,Drug,RxNorm,Clinical Drug Form
40060736,FALSE,,methylprednisolone Topical Ointment,S,,NULL,,372863,Drug,RxNorm,Clinical Drug Form
40066473,FALSE,,menthol / prednisolone / thymol Rectal Suppository,S,,NULL,,452077,Drug,RxNorm,Clinical Drug Form
40066583,FALSE,,methylprednisolone / neomycin Topical Cream,S,,NULL,,376403,Drug,RxNorm,Clinical Drug Form
40066585,FALSE,,methylprednisolone / neomycin Topical Ointment,S,,NULL,,376326,Drug,RxNorm,Clinical Drug Form
40067001,FALSE,,oxyquinoline / prednisolone Topical Cream,S,,NULL,,451130,Drug,RxNorm,Clinical Drug Form
40067033,FALSE,,oxytetracycline / prednisolone Topical Ointment,S,,NULL,,447124,Drug,RxNorm,Clinical Drug Form
40069320,FALSE,,prednisolone Ophthalmic Solution [Ocu-Pred],S,,NULL,,363816,Drug,RxNorm,Branded Drug Form
40071896,FALSE,,neomycin / polymyxin B / prednisolone Ophthalmic Suspension,S,,NULL,,374690,Drug,RxNorm,Clinical Drug Form
40071897,FALSE,,neomycin / polymyxin B / prednisolone Ophthalmic Suspension [Poly Pred],S,,NULL,,365813,Drug,RxNorm,Branded Drug Form
40071904,FALSE,,neomycin / prednisolone Topical Cream,S,,NULL,,446684,Drug,RxNorm,Clinical Drug Form
40071905,FALSE,,neomycin / prednisolone Topical Ointment,S,,NULL,,376404,Drug,RxNorm,Clinical Drug Form
40072752,TRUE,,niacinamide / prednisolone Injectable Solution,S,,NULL,,373573,Drug,RxNorm,Clinical Drug Form
40072990,FALSE,,phenylephrine / prednisolone / sulfacetamide Ophthalmic Suspension,S,,NULL,,376134,Drug,RxNorm,Clinical Drug Form
40072991,FALSE,,phenylephrine / prednisolone Ophthalmic Suspension,S,,NULL,,373394,Drug,RxNorm,Clinical Drug Form
40073185,TRUE,,prednisolone Disintegrating Oral Tablet,S,,NULL,,379264,Drug,RxNorm,Clinical Drug Form
40073186,FALSE,,prednisolone Enema,S,,NULL,,373569,Drug,RxNorm,Clinical Drug Form
40073187,FALSE,,prednisolone Enema [Predenema],S,,NULL,,363620,Drug,RxNorm,Branded Drug Form
40073188,FALSE,,prednisolone Enema [Predfoam],S,,NULL,,363610,Drug,RxNorm,Branded Drug Form
40073189,FALSE,,prednisolone Enema [Predsol],S,,NULL,,363611,Drug,RxNorm,Branded Drug Form
40073190,TRUE,,prednisolone Delayed Release Oral Tablet,S,,NULL,,373572,Drug,RxNorm,Clinical Drug Form
40073191,TRUE,,prednisolone Injectable Solution,S,,NULL,,373579,Drug,RxNorm,Clinical Drug Form
40073192,TRUE,,prednisolone Injectable Solution [Codelsol],S,,NULL,,363559,Drug,RxNorm,Branded Drug Form
40073193,TRUE,,prednisolone Injectable Solution [Codelson],S,,NULL,,385326,Drug,RxNorm,Branded Drug Form
40073194,TRUE,,prednisolone Injectable Solution [Hydeltrasol],S,,NULL,,92892,Drug,RxNorm,Branded Drug Form
40073195,TRUE,,prednisolone Injectable Solution [Key-Pred SP],S,,NULL,,363278,Drug,RxNorm,Branded Drug Form
40073196,TRUE,,prednisolone Injectable Solution [Predicort RP],S,,NULL,,363277,Drug,RxNorm,Branded Drug Form
40073197,TRUE,,prednisolone Injectable Suspension,S,,NULL,,373568,Drug,RxNorm,Clinical Drug Form
40073198,TRUE,,prednisolone Injectable Suspension [Cotolone],S,,NULL,,365625,Drug,RxNorm,Branded Drug Form
40073199,TRUE,,prednisolone Injectable Suspension [Key-Pred],S,,NULL,,365624,Drug,RxNorm,Branded Drug Form
40073200,TRUE,,prednisolone Injectable Suspension [Medicort],S,,NULL,,365623,Drug,RxNorm,Branded Drug Form
40073201,TRUE,,prednisolone Injectable Suspension [Pred-Ject-50],S,,NULL,,365622,Drug,RxNorm,Branded Drug Form
40073202,TRUE,,prednisolone Injectable Suspension [Predacort 50],S,,NULL,,365621,Drug,RxNorm,Branded Drug Form
40073203,TRUE,,prednisolone Injectable Suspension [Predaject-50],S,,NULL,,365620,Drug,RxNorm,Branded Drug Form
40073204,TRUE,,prednisolone Injectable Suspension [Predalone 50],S,,NULL,,365619,Drug,RxNorm,Branded Drug Form
40073436,TRUE,,prednisolone Injectable Suspension [Predate-50],S,,NULL,,365618,Drug,RxNorm,Branded Drug Form
40073437,TRUE,,prednisolone Injectable Suspension [Predcor],S,,NULL,,365617,Drug,RxNorm,Branded Drug Form
40073438,TRUE,,prednisolone Injectable Suspension [Predicort-50],S,,NULL,,365616,Drug,RxNorm,Branded Drug Form
40073439,TRUE,,prednisolone Injectable Suspension [Pri-Cortin 50],S,,NULL,,365615,Drug,RxNorm,Branded Drug Form
40073440,FALSE,,prednisolone Ophthalmic Ointment,S,,NULL,,373570,Drug,RxNorm,Clinical Drug Form
40073441,FALSE,,prednisolone Ophthalmic Solution,S,,NULL,,373576,Drug,RxNorm,Clinical Drug Form
40073442,FALSE,,prednisolone Ophthalmic Solution [AK-Pred],S,,NULL,,363768,Drug,RxNorm,Branded Drug Form
40073443,FALSE,,prednisolone Ophthalmic Solution [Inflamase Forte],S,,NULL,,363767,Drug,RxNorm,Branded Drug Form
40073444,FALSE,,prednisolone Ophthalmic Solution [Inflamase Mild],S,,NULL,,363691,Drug,RxNorm,Branded Drug Form
40073445,FALSE,,prednisolone Ophthalmic Solution [Minims Prednisolone],S,,NULL,,363903,Drug,RxNorm,Branded Drug Form
40073446,FALSE,,prednisolone Ophthalmic Solution [Ocu-Pred Forte],S,,NULL,,363815,Drug,RxNorm,Branded Drug Form
40073447,FALSE,,prednisolone Ophthalmic Solution [Prednisol],S,,NULL,,363766,Drug,RxNorm,Branded Drug Form
40073448,FALSE,,prednisolone Ophthalmic Solution [Predsol],S,,NULL,,363667,Drug,RxNorm,Branded Drug Form
40073449,FALSE,,prednisolone Ophthalmic Suspension,S,,NULL,,373571,Drug,RxNorm,Clinical Drug Form
40073450,FALSE,,prednisolone Ophthalmic Suspension [Econopred Plus],S,,NULL,,365831,Drug,RxNorm,Branded Drug Form
40073451,FALSE,,prednisolone Ophthalmic Suspension [Econopred],S,,NULL,,365821,Drug,RxNorm,Branded Drug Form
40073452,FALSE,,prednisolone Ophthalmic Suspension [Ocu-Pred-A],S,,NULL,,365809,Drug,RxNorm,Branded Drug Form
40073453,FALSE,,prednisolone Ophthalmic Suspension [Pred Forte],S,,NULL,,365822,Drug,RxNorm,Branded Drug Form
40073454,TRUE,,prednisolone Oral Solution,S,,NULL,,373575,Drug,RxNorm,Clinical Drug Form
40073455,TRUE,,prednisolone Oral Solution [Orapred],S,,NULL,,364478,Drug,RxNorm,Branded Drug Form
40073456,TRUE,,prednisolone Oral Solution [Pediapred],S,,NULL,,93720,Drug,RxNorm,Branded Drug Form
40073457,TRUE,,prednisolone Oral Solution [Prelone],S,,NULL,,364214,Drug,RxNorm,Branded Drug Form
40073458,TRUE,,prednisolone Oral Tablet,S,,NULL,,373578,Drug,RxNorm,Clinical Drug Form
40073459,TRUE,,prednisolone Oral Tablet [Cotolone],S,,NULL,,369438,Drug,RxNorm,Branded Drug Form
19059753,TRUE,,prednisolone 25 MG/ML [Cotolone],S,,NULL,,574626,Drug,RxNorm,Branded Drug Comp
19059754,TRUE,,prednisolone 50 MG/ML [Cotolone],S,,NULL,,574627,Drug,RxNorm,Branded Drug Comp
19059755,TRUE,,prednisolone 5 MG [Cotolone],S,,NULL,,575438,Drug,RxNorm,Branded Drug Comp
19060038,FALSE,,methylprednisolone 1 MG/ML Ophthalmic Solution,S,,NULL,,246024,Drug,RxNorm,Clinical Drug
19061119,TRUE,,prednisolone 40 MG/ML [Depo-Predate],S,,NULL,,574181,Drug,RxNorm,Branded Drug Comp
19061120,TRUE,,prednisolone 80 MG/ML [Depo-Predate],S,,NULL,,574192,Drug,RxNorm,Branded Drug Comp
19061458,FALSE,,chloramphenicol 2 MG/ML / prednisolone 5 MG/ML Otic Solution,S,,NULL,,248804,Drug,RxNorm,Clinical Drug
19061583,TRUE,,prednisolone 5 MG/ML Oral Solution,S,,NULL,,249066,Drug,RxNorm,Clinical Drug
19062573,FALSE,,dibucaine 1 MG / prednisolone 1.3 MG Rectal Suppository,S,,NULL,,250343,Drug,RxNorm,Clinical Drug
19063849,FALSE,,prednisolone 0.2 MG/ML Enema,S,,NULL,,250862,Drug,RxNorm,Clinical Drug
19063881,FALSE,,prednisolone 5 MG Rectal Suppository,S,,NULL,,250864,Drug,RxNorm,Clinical Drug
19063883,FALSE,,prednisolone 20 MG/ACTUAT Rectal Foam,S,,NULL,,250869,Drug,RxNorm,Clinical Drug
19065983,FALSE,,prednisolone 2 MG/ML Ophthalmic Suspension,S,,NULL,,259052,Drug,RxNorm,Clinical Drug
19067188,TRUE,,prednisolone 25 MG/ML Injectable Suspension,S,,NULL,,260125,Drug,RxNorm,Clinical Drug
19067189,TRUE,,prednisolone 40 MG/ML Injectable Solution,S,,NULL,,260126,Drug,RxNorm,Clinical Drug
19067190,TRUE,,prednisolone 50 MG/ML Injectable Suspension,S,,NULL,,260127,Drug,RxNorm,Clinical Drug
19067364,FALSE,,gentamicin 0.003 MG/MG / prednisolone acetate 0.006 MG/MG Ophthalmic Ointment [Pred-G],S,,NULL,,260285,Drug,RxNorm,Branded Drug
19067555,TRUE,,methylprednisolone 4 MG Oral Tablet [Medrol],S,,NULL,,260330,Drug,RxNorm,Branded Drug
19067727,TRUE,,prednisolone 25 MG/ML Injectable Suspension [Key-Pred],S,,NULL,,260391,Drug,RxNorm,Branded Drug
19067728,TRUE,,prednisolone 25 MG/ML Injectable Suspension [Predcor],S,,NULL,,260392,Drug,RxNorm,Branded Drug
19067729,TRUE,,prednisolone 40 MG/ML Injectable Suspension [Depo-Predate],S,,NULL,,260393,Drug,RxNorm,Branded Drug
19067730,TRUE,,prednisolone 50 MG/ML Injectable Suspension [Key-Pred],S,,NULL,,260394,Drug,RxNorm,Branded Drug
19067751,TRUE,,prednisolone 50 MG/ML Injectable Suspension [Medicort],S,,NULL,,260395,Drug,RxNorm,Branded Drug
19067752,TRUE,,prednisolone 50 MG/ML Injectable Suspension [Pred-Ject-50],S,,NULL,,260396,Drug,RxNorm,Branded Drug
19067753,TRUE,,prednisolone 50 MG/ML Injectable Suspension [Predacort 50],S,,NULL,,260397,Drug,RxNorm,Branded Drug
19067754,TRUE,,prednisolone 50 MG/ML Injectable Suspension [Predaject-50],S,,NULL,,260398,Drug,RxNorm,Branded Drug
19067755,TRUE,,prednisolone 50 MG/ML Injectable Suspension [Predalone 50],S,,NULL,,260399,Drug,RxNorm,Branded Drug
19067756,TRUE,,prednisolone 50 MG/ML Injectable Suspension [Predate-50],S,,NULL,,260400,Drug,RxNorm,Branded Drug
19067757,TRUE,,prednisolone 50 MG/ML Injectable Suspension [Predcor],S,,NULL,,260401,Drug,RxNorm,Branded Drug
19067758,TRUE,,prednisolone 50 MG/ML Injectable Suspension [Predicort-50],S,,NULL,,260402,Drug,RxNorm,Branded Drug
19067759,TRUE,,prednisolone 50 MG/ML Injectable Suspension [Pri-Cortin 50],S,,NULL,,260403,Drug,RxNorm,Branded Drug
19067760,TRUE,,prednisolone 80 MG/ML Injectable Suspension [Depo-Predate],S,,NULL,,260404,Drug,RxNorm,Branded Drug
19067791,TRUE,,prednisolone 20 MG/ML Injectable Solution [Hydeltrasol],S,,NULL,,260405,Drug,RxNorm,Branded Drug
19067792,TRUE,,prednisolone 20 MG/ML Injectable Solution [Key-Pred SP],S,,NULL,,260406,Drug,RxNorm,Branded Drug
19067793,TRUE,,prednisolone 20 MG/ML Injectable Solution [Predicort RP],S,,NULL,,260407,Drug,RxNorm,Branded Drug
19067794,TRUE,,prednisolone acetate 20 MG/ML Injectable Solution,S,,NULL,,260408,Drug,RxNorm,Clinical Drug
19067795,TRUE,,prednisolone 1 MG/ML Oral Solution [Pediapred],S,,NULL,,260409,Drug,RxNorm,Branded Drug
19129398,TRUE,,{21 (methylprednisolone 4 MG Oral Tablet) } Pack,S,,NULL,,762675,Drug,RxNorm,Clinical Pack
19129883,TRUE,,prednisolone 3 MG/ML Oral Suspension,S,,NULL,,793099,Drug,RxNorm,Clinical Drug
19130000,TRUE,,prednisolone 2 MG/ML [MILLIPRED],S,,NULL,,795095,Drug,RxNorm,Branded Drug Comp
19130001,TRUE,,prednisolone 2 MG/ML Oral Solution [MILLIPRED],S,,NULL,,795097,Drug,RxNorm,Branded Drug
19131602,TRUE,,prednisolone 3 MG/ML [Flo-Pred],S,,NULL,,803306,Drug,RxNorm,Branded Drug Comp
19131603,TRUE,,prednisolone 3 MG/ML Oral Suspension [Flo-Pred],S,,NULL,,803308,Drug,RxNorm,Branded Drug
19131604,TRUE,,prednisolone 1 MG/ML [Flo-Pred],S,,NULL,,803309,Drug,RxNorm,Branded Drug Comp
19131605,TRUE,,prednisolone 1 MG/ML Oral Suspension [Flo-Pred],S,,NULL,,803310,Drug,RxNorm,Branded Drug
19131653,TRUE,,{14 (methylprednisolone 16 MG Oral Tablet) } Pack,S,,NULL,,804173,Drug,RxNorm,Clinical Pack
19132463,TRUE,,prednisolone 5 MG [MILLIPRED],S,,NULL,,808116,Drug,RxNorm,Branded Drug Comp
19132464,TRUE,,prednisolone 5 MG Oral Tablet [MILLIPRED],S,,NULL,,808118,Drug,RxNorm,Branded Drug
19133854,TRUE,,{21 (methylprednisolone 4 MG Oral Tablet [Medrol]) } Pack [Medrol Dosepak],S,,NULL,,834023,Drug,RxNorm,Branded Pack
40011287,FALSE,,atropine / prednisolone Ophthalmic Suspension,S,,NULL,,370965,Drug,RxNorm,Clinical Drug Form
40012593,TRUE,,aspirin / methylprednisolone Oral Tablet,S,,NULL,,372870,Drug,RxNorm,Clinical Drug Form
40013687,FALSE,,bismuth chloride oxide / prednisolone / zinc oxide Rectal Suppository,S,,NULL,,451088,Drug,RxNorm,Clinical Drug Form
40022940,FALSE,,chloramphenicol / prednisolone Ophthalmic Solution,S,,NULL,,371385,Drug,RxNorm,Clinical Drug Form
40022941,FALSE,,chloramphenicol / prednisolone Ophthalmic Suspension,S,,NULL,,371386,Drug,RxNorm,Clinical Drug Form
40022942,FALSE,,chloramphenicol / prednisolone Otic Solution,S,,NULL,,371387,Drug,RxNorm,Clinical Drug Form
40022943,FALSE,,chloramphenicol / prednisolone Topical Ointment,S,,NULL,,438433,Drug,RxNorm,Clinical Drug Form
40025524,TRUE,,prednisolone Injectable Suspension [Depo-Predate],S,,NULL,,365614,Drug,RxNorm,Branded Drug Form
40025542,FALSE,,dequalinium / polidocanol / prednisolone Topical Gel,S,,NULL,,440699,Drug,RxNorm,Clinical Drug Form
40026557,FALSE,,clotrimazole / hexamidine / prednisolone Topical Cream,S,,NULL,,438796,Drug,RxNorm,Clinical Drug Form
40163622,FALSE,,prednisolone / sulfacetamide Ophthalmic Ointment [Blephamide],S,,NULL,,856820,Drug,RxNorm,Branded Drug Form
40170022,FALSE,,miconazole / polymyxin B / prednisolone Otic Suspension,S,,NULL,,891148,Drug,RxNorm,Clinical Drug Form
40170023,FALSE,,miconazole / polymyxin B / prednisolone Otic Suspension [Surolan],S,,NULL,,891152,Drug,RxNorm,Branded Drug Form
40170091,FALSE,,miconazole nitrate 23 MG/ML / polymyxin B sulfate 0.5293 MG/ML / prednisolone acetate 5 MG/ML Otic Suspension,S,,NULL,,891149,Drug,RxNorm,Clinical Drug
40170092,FALSE,,miconazole nitrate 23 MG/ML / polymyxin B sulfate 0.5293 MG/ML / prednisolone acetate 5 MG/ML Otic Suspension [Surolan],S,,NULL,,891153,Drug,RxNorm,Branded Drug
40170093,FALSE,,miconazole nitrate 23 MG/ML / polymyxin B sulfate 0.5293 MG/ML / prednisolone acetate 5 MG/ML [Surolan],S,,NULL,,891151,Drug,RxNorm,Branded Drug Comp
40171266,TRUE,,prednisolone / trimeprazine Oral Tablet,S,,NULL,,897058,Drug,RxNorm,Clinical Drug Form
40171267,TRUE,,prednisolone / trimeprazine Oral Tablet [Temaril-P],S,,NULL,,897062,Drug,RxNorm,Branded Drug Form
40171268,TRUE,,prednisolone 2 MG / trimeprazine tartrate 5 MG Oral Tablet,S,,NULL,,897059,Drug,RxNorm,Clinical Drug
40171269,TRUE,,prednisolone 2 MG / trimeprazine tartrate 5 MG Oral Tablet [Temaril-P],S,,NULL,,897063,Drug,RxNorm,Branded Drug
40171270,TRUE,,prednisolone 2 MG / trimeprazine tartrate 5 MG [Temaril-P],S,,NULL,,897061,Drug,RxNorm,Branded Drug Comp
40171296,TRUE,,prednisolone acetate 5 MG/ML,S,,NULL,,891147,Drug,RxNorm,Clinical Drug Comp
40225702,TRUE,,{48 (prednisolone 5 MG Oral Tablet [MILLIPRED]) } Pack [Millipred DP 12 Day],S,,NULL,,1005831,Drug,RxNorm,Branded Pack
40225703,TRUE,,{48 (prednisolone 5 MG Oral Tablet) } Pack,S,,NULL,,1005830,Drug,RxNorm,Clinical Pack
40226246,FALSE,,prednisolone sodium phosphate 2.5 MG/ML,S,,NULL,,1012020,Drug,RxNorm,Clinical Drug Comp
40226247,FALSE,,prednisolone sodium phosphate 2.5 MG/ML / sulfacetamide sodium 100 MG/ML Ophthalmic Solution,S,,NULL,,1012021,Drug,RxNorm,Clinical Drug
40226248,FALSE,,prednisolone sodium phosphate 2.5 MG/ML / sulfacetamide sodium 100 MG/ML Ophthalmic Solution [Sulster],S,,NULL,,1012023,Drug,RxNorm,Branded Drug
40226249,FALSE,,prednisolone sodium phosphate 2.5 MG/ML / sulfacetamide sodium 100 MG/ML Ophthalmic Solution [Vasocidin],S,,NULL,,1012025,Drug,RxNorm,Branded Drug
40226250,FALSE,,prednisolone sodium phosphate 2.5 MG/ML / sulfacetamide sodium 100 MG/ML Ophthalmic Suspension,S,,NULL,,1012084,Drug,RxNorm,Clinical Drug
40226251,FALSE,,prednisolone sodium phosphate 2.5 MG/ML / sulfacetamide sodium 100 MG/ML Ophthalmic Suspension [Cetapred],S,,NULL,,1012087,Drug,RxNorm,Branded Drug
40226252,FALSE,,prednisolone sodium phosphate 2.5 MG/ML / sulfacetamide sodium 100 MG/ML Ophthalmic Suspension [Sulster],S,,NULL,,1012098,Drug,RxNorm,Branded Drug
40226253,FALSE,,prednisolone sodium phosphate 2.5 MG/ML / sulfacetamide sodium 100 MG/ML Ophthalmic Suspension [Supred],S,,NULL,,1012118,Drug,RxNorm,Branded Drug
40226254,FALSE,,prednisolone sodium phosphate 2.5 MG/ML / sulfacetamide sodium 100 MG/ML [Cetapred],S,,NULL,,1012085,Drug,RxNorm,Branded Drug Comp
40226255,FALSE,,prednisolone sodium phosphate 2.5 MG/ML / sulfacetamide sodium 100 MG/ML [Sulster],S,,NULL,,1012022,Drug,RxNorm,Branded Drug Comp
40226256,FALSE,,prednisolone sodium phosphate 2.5 MG/ML / sulfacetamide sodium 100 MG/ML [Supred],S,,NULL,,1012117,Drug,RxNorm,Branded Drug Comp
40226257,FALSE,,prednisolone sodium phosphate 2.5 MG/ML / sulfacetamide sodium 100 MG/ML [Vasocidin],S,,NULL,,1012024,Drug,RxNorm,Branded Drug Comp
40226258,FALSE,,prednisolone sodium phosphate 5 MG/ML,S,,NULL,,1012149,Drug,RxNorm,Clinical Drug Comp
40226259,FALSE,,prednisolone sodium phosphate 5 MG/ML / sulfacetamide sodium 100 MG/ML Ophthalmic Solution,S,,NULL,,1012150,Drug,RxNorm,Clinical Drug
40226260,FALSE,,prednisolone sodium phosphate 5 MG/ML / sulfacetamide sodium 100 MG/ML Ophthalmic Solution [Optimyd],S,,NULL,,1012152,Drug,RxNorm,Branded Drug
40226261,FALSE,,prednisolone sodium phosphate 5 MG/ML / sulfacetamide sodium 100 MG/ML Ophthalmic Suspension,S,,NULL,,1012175,Drug,RxNorm,Clinical Drug
40226262,FALSE,,prednisolone sodium phosphate 5 MG/ML / sulfacetamide sodium 100 MG/ML Ophthalmic Suspension [AK-Cide],S,,NULL,,1012177,Drug,RxNorm,Branded Drug
40226263,FALSE,,prednisolone sodium phosphate 5 MG/ML / sulfacetamide sodium 100 MG/ML Ophthalmic Suspension [Metimyd],S,,NULL,,1012188,Drug,RxNorm,Branded Drug
40226264,FALSE,,prednisolone sodium phosphate 5 MG/ML / sulfacetamide sodium 100 MG/ML Ophthalmic Suspension [Vasocidin],S,,NULL,,1012214,Drug,RxNorm,Branded Drug
40226265,FALSE,,prednisolone sodium phosphate 5 MG/ML / sulfacetamide sodium 100 MG/ML [AK-Cide],S,,NULL,,1012176,Drug,RxNorm,Branded Drug Comp
40226266,FALSE,,prednisolone sodium phosphate 5 MG/ML / sulfacetamide sodium 100 MG/ML [Metimyd],S,,NULL,,1012187,Drug,RxNorm,Branded Drug Comp
40226267,FALSE,,prednisolone sodium phosphate 5 MG/ML / sulfacetamide sodium 100 MG/ML [Optimyd],S,,NULL,,1012151,Drug,RxNorm,Branded Drug Comp
40226268,FALSE,,prednisolone sodium phosphate 5 MG/ML / sulfacetamide sodium 100 MG/ML [Vasocidin],S,,NULL,,1012213,Drug,RxNorm,Branded Drug Comp
40226702,FALSE,,prednisolone / sulfacetamide Ophthalmic Suspension [Cetapred],S,,NULL,,1012086,Drug,RxNorm,Branded Drug Form
40226713,TRUE,,prednisolone 3 MG/ML Oral Solution [AsmalPred Plus],S,,NULL,,1012208,Drug,RxNorm,Branded Drug
40226714,TRUE,,prednisolone 3 MG/ML [AsmalPred Plus],S,,NULL,,1012206,Drug,RxNorm,Branded Drug Comp
40227406,TRUE,,prednisolone Oral Solution [AsmalPred Plus],S,,NULL,,1012207,Drug,RxNorm,Branded Drug Form
40227407,TRUE,,prednisolone acetate 0.002 MG/MG,S,,NULL,,1011984,Drug,RxNorm,Clinical Drug Comp
40227408,FALSE,,prednisolone acetate 0.002 MG/MG / sulfacetamide sodium 0.1 MG/MG Ophthalmic Ointment,S,,NULL,,1011985,Drug,RxNorm,Clinical Drug
40227409,FALSE,,prednisolone acetate 0.002 MG/MG / sulfacetamide sodium 0.1 MG/MG Ophthalmic Ointment [Blephamide],S,,NULL,,1011987,Drug,RxNorm,Branded Drug
40227410,FALSE,,prednisolone acetate 0.002 MG/MG / sulfacetamide sodium 0.1 MG/MG [Blephamide],S,,NULL,,1011986,Drug,RxNorm,Branded Drug Comp
40227411,FALSE,,prednisolone acetate 0.0025 MG/MG,S,,NULL,,1011978,Drug,RxNorm,Clinical Drug Comp
40227412,FALSE,,prednisolone acetate 0.0025 MG/MG / sulfacetamide sodium 0.1 MG/MG Ophthalmic Ointment,S,,NULL,,1011979,Drug,RxNorm,Clinical Drug
40227413,FALSE,,prednisolone acetate 0.0025 MG/MG / sulfacetamide sodium 0.1 MG/MG Ophthalmic Ointment [Cetapred],S,,NULL,,1011981,Drug,RxNorm,Branded Drug
40227414,FALSE,,prednisolone acetate 0.0025 MG/MG / sulfacetamide sodium 0.1 MG/MG [Cetapred],S,,NULL,,1011980,Drug,RxNorm,Branded Drug Comp
40227415,FALSE,,prednisolone acetate 0.005 MG/MG,S,,NULL,,1011999,Drug,RxNorm,Clinical Drug Comp
40227416,FALSE,,prednisolone acetate 0.005 MG/MG / sulfacetamide sodium 0.1 MG/MG Ophthalmic Ointment,S,,NULL,,1012000,Drug,RxNorm,Clinical Drug
40227417,FALSE,,prednisolone acetate 0.005 MG/MG / sulfacetamide sodium 0.1 MG/MG Ophthalmic Ointment [AK-Cide],S,,NULL,,1012002,Drug,RxNorm,Branded Drug
40227418,FALSE,,prednisolone acetate 0.005 MG/MG / sulfacetamide sodium 0.1 MG/MG Ophthalmic Ointment [Medasulf],S,,NULL,,1012908,Drug,RxNorm,Branded Drug
40227419,FALSE,,prednisolone acetate 0.005 MG/MG / sulfacetamide sodium 0.1 MG/MG Ophthalmic Ointment [Metimyd],S,,NULL,,1012004,Drug,RxNorm,Branded Drug
40227420,FALSE,,prednisolone acetate 0.005 MG/MG / sulfacetamide sodium 0.1 MG/MG Ophthalmic Ointment [Predsulfair],S,,NULL,,1012006,Drug,RxNorm,Branded Drug
40227421,FALSE,,prednisolone acetate 0.005 MG/MG / sulfacetamide sodium 0.1 MG/MG Ophthalmic Ointment [Vasocidin],S,,NULL,,1012008,Drug,RxNorm,Branded Drug
40227422,FALSE,,prednisolone acetate 0.005 MG/MG / sulfacetamide sodium 0.1 MG/MG [AK-Cide],S,,NULL,,1012001,Drug,RxNorm,Branded Drug Comp
40227423,FALSE,,prednisolone acetate 0.005 MG/MG / sulfacetamide sodium 0.1 MG/MG [Medasulf],S,,NULL,,1012907,Drug,RxNorm,Branded Drug Comp
40227424,FALSE,,prednisolone acetate 0.005 MG/MG / sulfacetamide sodium 0.1 MG/MG [Metimyd],S,,NULL,,1012003,Drug,RxNorm,Branded Drug Comp
40227425,FALSE,,prednisolone acetate 0.005 MG/MG / sulfacetamide sodium 0.1 MG/MG [Predsulfair],S,,NULL,,1012005,Drug,RxNorm,Branded Drug Comp
40227426,FALSE,,prednisolone acetate 0.005 MG/MG / sulfacetamide sodium 0.1 MG/MG [Vasocidin],S,,NULL,,1012007,Drug,RxNorm,Branded Drug Comp
40227427,FALSE,,prednisolone acetate 2 MG/ML,S,,NULL,,1012014,Drug,RxNorm,Clinical Drug Comp
40227428,FALSE,,prednisolone acetate 2 MG/ML / sulfacetamide sodium 100 MG/ML Ophthalmic Suspension,S,,NULL,,1012015,Drug,RxNorm,Clinical Drug
40227429,FALSE,,prednisolone acetate 2 MG/ML / sulfacetamide sodium 100 MG/ML Ophthalmic Suspension [Blephamide],S,,NULL,,1012017,Drug,RxNorm,Branded Drug
40227430,FALSE,,prednisolone acetate 2 MG/ML / sulfacetamide sodium 100 MG/ML [Blephamide],S,,NULL,,1012016,Drug,RxNorm,Branded Drug Comp
40227431,FALSE,,prednisolone acetate 2.5 MG/ML,S,,NULL,,1012079,Drug,RxNorm,Clinical Drug Comp
40227432,FALSE,,prednisolone acetate 2.5 MG/ML / sulfacetamide sodium 100 MG/ML Ophthalmic Suspension,S,,NULL,,1012080,Drug,RxNorm,Clinical Drug
40227433,FALSE,,prednisolone acetate 5 MG/ML / sulfacetamide sodium 100 MG/ML Ophthalmic Suspension,S,,NULL,,1012224,Drug,RxNorm,Clinical Drug
40227495,TRUE,,{21 (prednisolone 5 MG Oral Tablet) } Pack,S,,NULL,,1013114,Drug,RxNorm,Clinical Pack
40239145,FALSE,,methylprednisolone acetate 0.01 MG/MG,S,,NULL,,1100385,Drug,RxNorm,Clinical Drug Comp
40239146,FALSE,,methylprednisolone acetate 0.01 MG/MG Topical Gel,S,,NULL,,1100387,Drug,RxNorm,Clinical Drug
40239147,FALSE,,methylprednisolone acetate 0.01 MG/MG Topical Gel [HybriSil],S,,NULL,,1100391,Drug,RxNorm,Branded Drug
40239148,FALSE,,methylprednisolone acetate 0.01 MG/MG [HybriSil],S,,NULL,,1100389,Drug,RxNorm,Branded Drug Comp
40239242,FALSE,,methylprednisolone Topical Gel,S,,NULL,,1100386,Drug,RxNorm,Clinical Drug Form
40239243,FALSE,,methylprednisolone Topical Gel [HybriSil],S,,NULL,,1100390,Drug,RxNorm,Branded Drug Form
40243446,FALSE,,atropine sulfate 10 MG/ML / prednisolone acetate 2.5 MG/ML Ophthalmic Suspension,S,,NULL,,1190936,Drug,RxNorm,Clinical Drug
40244439,TRUE,,prednisolone 20 MG Oral Tablet [Prednistab],S,,NULL,,1191683,Drug,RxNorm,Branded Drug
40244440,TRUE,,prednisolone 20 MG [Prednistab],S,,NULL,,1191679,Drug,RxNorm,Branded Drug Comp
40244441,TRUE,,prednisolone 5 MG Oral Tablet [Prednistab],S,,NULL,,1191686,Drug,RxNorm,Branded Drug
40244442,TRUE,,prednisolone 5 MG [Prednistab],S,,NULL,,1191685,Drug,RxNorm,Branded Drug Comp
40244451,TRUE,,prednisolone Oral Tablet [Prednistab],S,,NULL,,1191680,Drug,RxNorm,Branded Drug Form
42901433,TRUE,,methylprednisolone acetate 40 MG/ML,S,,NULL,,1358496,Drug,RxNorm,Clinical Drug Comp
42901434,TRUE,,lidocaine / methylprednisolone Injectable Suspension,S,,NULL,,1358497,Drug,RxNorm,Clinical Drug Form
42901435,FALSE,,methylprednisolone acetate 0.0025 MG/MG,S,,NULL,,1358499,Drug,RxNorm,Clinical Drug Comp
42901437,FALSE,,methylprednisolone acetate 0.0025 MG/MG / neomycin 0.0035 MG/MG [Neo-Medrol],S,,NULL,,1358502,Drug,RxNorm,Branded Drug Comp
42901438,FALSE,,methylprednisolone / neomycin Topical Ointment [Neo-Medrol],S,,NULL,,1358503,Drug,RxNorm,Branded Drug Form
42901439,TRUE,,methylprednisolone acetate 20 MG/ML,S,,NULL,,1358509,Drug,RxNorm,Clinical Drug Comp
42901440,TRUE,,methylprednisolone acetate 20 MG/ML [Depo-Medrol],S,,NULL,,1358511,Drug,RxNorm,Branded Drug Comp
42901442,TRUE,,methylprednisolone acetate 40 MG/ML [Depo-Medrol],S,,NULL,,1358611,Drug,RxNorm,Branded Drug Comp
42901444,TRUE,,methylprednisolone acetate 80 MG/ML,S,,NULL,,1358616,Drug,RxNorm,Clinical Drug Comp
42901445,TRUE,,methylprednisolone acetate 80 MG/ML [Depo-Medrol],S,,NULL,,1358618,Drug,RxNorm,Branded Drug Comp
42901473,FALSE,,methylprednisolone acetate 0.005 MG/MG,S,,NULL,,1358743,Drug,RxNorm,Clinical Drug Comp
42901474,TRUE,,methylprednisolone acetate 10 MG/ML,S,,NULL,,1358745,Drug,RxNorm,Clinical Drug Comp
42901475,TRUE,,methylprednisolone acetate 16 MG/ML,S,,NULL,,1358747,Drug,RxNorm,Clinical Drug Comp
42901476,TRUE,,methylprednisolone acetate 2.5 MG/ML,S,,NULL,,1358749,Drug,RxNorm,Clinical Drug Comp
42901480,TRUE,,methylprednisolone acetate 40 MG,S,,NULL,,1358760,Drug,RxNorm,Clinical Drug Comp
42901997,TRUE,,methylprednisolone 2000 MG Injection,S,,NULL,,1357886,Drug,RxNorm,Clinical Drug
42901998,TRUE,,methylprednisolone 2000 MG Injection [Solu-Medrol],S,,NULL,,1357888,Drug,RxNorm,Branded Drug
42902102,TRUE,,lidocaine hydrochloride 10 MG/ML / methylprednisolone acetate 40 MG/ML Injectable Suspension,S,,NULL,,1358498,Drug,RxNorm,Clinical Drug
42902103,FALSE,,methylprednisolone acetate 0.0025 MG/MG / neomycin 0.0035 MG/MG Topical Ointment,S,,NULL,,1358500,Drug,RxNorm,Clinical Drug
42902104,FALSE,,methylprednisolone acetate 0.0025 MG/MG / neomycin 0.0035 MG/MG Topical Ointment [Neo-Medrol],S,,NULL,,1358505,Drug,RxNorm,Branded Drug
42902105,FALSE,,methylprednisolone acetate 0.0025 MG/MG Topical Ointment,S,,NULL,,1358506,Drug,RxNorm,Clinical Drug
42902106,FALSE,,methylprednisolone acetate 0.01 MG/MG Topical Ointment,S,,NULL,,1358508,Drug,RxNorm,Clinical Drug
42902107,TRUE,,methylprednisolone acetate 20 MG/ML Injectable Suspension,S,,NULL,,1358510,Drug,RxNorm,Clinical Drug
42902108,TRUE,,methylprednisolone acetate 20 MG/ML Injectable Suspension [Depo-Medrol],S,,NULL,,1358512,Drug,RxNorm,Branded Drug
42902110,TRUE,,methylprednisolone acetate 40 MG/ML Injectable Suspension,S,,NULL,,1358610,Drug,RxNorm,Clinical Drug
42902111,TRUE,,methylprednisolone acetate 40 MG/ML Injectable Suspension [Depo-Medrol],S,,NULL,,1358612,Drug,RxNorm,Branded Drug
42902114,TRUE,,methylprednisolone acetate 80 MG/ML Injectable Suspension,S,,NULL,,1358617,Drug,RxNorm,Clinical Drug
42902115,TRUE,,methylprednisolone acetate 80 MG/ML Injectable Suspension [Depo-Medrol],S,,NULL,,1358619,Drug,RxNorm,Branded Drug
42902152,FALSE,,methylprednisolone acetate 0.0025 MG/MG / neomycin 0.007 MG/MG Topical Ointment,S,,NULL,,1358737,Drug,RxNorm,Clinical Drug
40073460,TRUE,,prednisolone Oral Tablet [Prednesol],S,,NULL,,385141,Drug,RxNorm,Branded Drug Form
40073461,TRUE,,prednisolone Oral Tablet [Stintisone],S,,NULL,,369537,Drug,RxNorm,Branded Drug Form
40073462,TRUE,,prednisolone Otic Solution,S,,NULL,,377392,Drug,RxNorm,Clinical Drug Form
40073463,TRUE,,prednisolone Otic Solution [Predsol],S,,NULL,,365356,Drug,RxNorm,Branded Drug Form
40073464,FALSE,,prednisolone Paste,S,,NULL,,451160,Drug,RxNorm,Clinical Drug Form
40073465,FALSE,,prednisolone Rectal Foam,S,,NULL,,373574,Drug,RxNorm,Clinical Drug Form
40073466,FALSE,,prednisolone Rectal Foam [Predfoam],S,,NULL,,385800,Drug,RxNorm,Branded Drug Form
40073467,FALSE,,prednisolone Rectal Suppository,S,,NULL,,373577,Drug,RxNorm,Clinical Drug Form
40073468,FALSE,,prednisolone Rectal Suppository [Predsol],S,,NULL,,367523,Drug,RxNorm,Branded Drug Form
40073471,FALSE,,prednisolone Topical Cream,S,,NULL,,451096,Drug,RxNorm,Clinical Drug Form
40073472,FALSE,,prednisolone Topical Gel,S,,NULL,,451162,Drug,RxNorm,Clinical Drug Form
40073473,FALSE,,prednisolone Topical Ointment,S,,NULL,,451094,Drug,RxNorm,Clinical Drug Form
40073474,FALSE,,prednisolone Topical Spray,S,,NULL,,451108,Drug,RxNorm,Clinical Drug Form
40078740,FALSE,,prednisolone Ophthalmic Suspension [Pred Mild],S,,NULL,,365832,Drug,RxNorm,Branded Drug Form
40078765,FALSE,,prednisolone / propylene glycol salicylate Topical Cream,S,,NULL,,451099,Drug,RxNorm,Clinical Drug Form
40078766,FALSE,,prednisolone / rifamycins Topical Ointment,S,,NULL,,451305,Drug,RxNorm,Clinical Drug Form
40078767,FALSE,,prednisolone / salicylic acid Topical Solution,S,,NULL,,451137,Drug,RxNorm,Clinical Drug Form
40078768,FALSE,,prednisolone / sulfacetamide Ophthalmic Ointment,S,,NULL,,373972,Drug,RxNorm,Clinical Drug Form
40078769,FALSE,,prednisolone / sulfacetamide Ophthalmic Ointment [AK-Cide],S,,NULL,,367224,Drug,RxNorm,Branded Drug Form
40078772,FALSE,,prednisolone / sulfacetamide Ophthalmic Ointment [Cetapred],S,,NULL,,367242,Drug,RxNorm,Branded Drug Form
40078773,FALSE,,prednisolone / sulfacetamide Ophthalmic Ointment [Vasocidin],S,,NULL,,367257,Drug,RxNorm,Branded Drug Form
40078774,FALSE,,prednisolone / sulfacetamide Ophthalmic Solution,S,,NULL,,373973,Drug,RxNorm,Clinical Drug Form
40078775,FALSE,,prednisolone / sulfacetamide Ophthalmic Suspension,S,,NULL,,373974,Drug,RxNorm,Clinical Drug Form
40078776,FALSE,,prednisolone / sulfacetamide Ophthalmic Suspension [AK-Cide],S,,NULL,,365840,Drug,RxNorm,Branded Drug Form
40078777,FALSE,,prednisolone / sulfacetamide Ophthalmic Suspension [Blephamide],S,,NULL,,365841,Drug,RxNorm,Branded Drug Form
40078779,FALSE,,prednisolone / sulfacetamide Ophthalmic Suspension [Sulster],S,,NULL,,365836,Drug,RxNorm,Branded Drug Form
40078780,FALSE,,prednisolone / sulfacetamide Ophthalmic Suspension [Supred],S,,NULL,,365835,Drug,RxNorm,Branded Drug Form
40078782,FALSE,,prednisolone / zinc oxide Topical Ointment,S,,NULL,,451107,Drug,RxNorm,Clinical Drug Form
40097295,FALSE,,bisdequalinium / prednisolone Topical Cream,S,,NULL,,451115,Drug,RxNorm,Clinical Drug Form
40112721,TRUE,,prednisolone Injectable Suspension [Pricortin],S,,NULL,,547221,Drug,RxNorm,Branded Drug Form
40112722,FALSE,,prednisolone Ophthalmic Solution [Isolone Forte],S,,NULL,,542616,Drug,RxNorm,Branded Drug Form
40112723,FALSE,,prednisolone Ophthalmic Solution [Pred-Phosphate],S,,NULL,,542620,Drug,RxNorm,Branded Drug Form
40112724,TRUE,,prednisolone Oral Tablet [Prednoral],S,,NULL,,541704,Drug,RxNorm,Branded Drug Form
40113284,FALSE,,prednisolone / sulfacetamide Ophthalmic Ointment [Predsulfair],S,,NULL,,545252,Drug,RxNorm,Branded Drug Form
40113285,FALSE,,prednisolone / sulfacetamide Ophthalmic Solution [Sulster],S,,NULL,,542634,Drug,RxNorm,Branded Drug Form
40130114,TRUE,,prednisolone Oral Solution [Bubbli-Pred],S,,NULL,,604203,Drug,RxNorm,Branded Drug Form
40131742,FALSE,,prednisolone / sulfacetamide Ophthalmic Ointment [Medasulf],S,,NULL,,619278,Drug,RxNorm,Branded Drug Form
40131743,FALSE,,prednisolone / sulfacetamide Ophthalmic Ointment [Metimyd],S,,NULL,,619279,Drug,RxNorm,Branded Drug Form
40131744,FALSE,,prednisolone / sulfacetamide Ophthalmic Solution [Vasocidin],S,,NULL,,619303,Drug,RxNorm,Branded Drug Form
40131745,FALSE,,prednisolone / sulfacetamide Ophthalmic Suspension [Metimyd],S,,NULL,,619280,Drug,RxNorm,Branded Drug Form
40131746,FALSE,,prednisolone / sulfacetamide Ophthalmic Suspension [Vasocidin],S,,NULL,,619281,Drug,RxNorm,Branded Drug Form
40135413,TRUE,,prednisolone Disintegrating Oral Tablet [Orapred],S,,NULL,,647126,Drug,RxNorm,Branded Drug Form
40144214,FALSE,,prednisolone Ophthalmic Suspension [Omnipred],S,,NULL,,731219,Drug,RxNorm,Branded Drug Form
40149642,TRUE,,prednisolone Oral Suspension,S,,NULL,,792956,Drug,RxNorm,Clinical Drug Form
40150051,TRUE,,prednisolone Oral Solution [MILLIPRED],S,,NULL,,795096,Drug,RxNorm,Branded Drug Form
40153448,TRUE,,prednisolone Oral Suspension [Flo-Pred],S,,NULL,,803307,Drug,RxNorm,Branded Drug Form
40154146,FALSE,,prednisolone / sulfacetamide Ophthalmic Solution [Optimyd],S,,NULL,,806539,Drug,RxNorm,Branded Drug Form
40154981,TRUE,,prednisolone Oral Tablet [MILLIPRED],S,,NULL,,808117,Drug,RxNorm,Branded Drug Form
40155457,TRUE,,prednisolone Oral Solution [Veripred],S,,NULL,,824888,Drug,RxNorm,Branded Drug Form
42707634,TRUE,,{21 (prednisolone 5 MG Oral Tablet [MILLIPRED]) } Pack [Millipred DP 6 Day],S,,NULL,,1235042,Drug,RxNorm,Branded Pack
43526394,FALSE,,prednisolone acetate 10 MG/ML,S,,NULL,,1376335,Drug,RxNorm,Clinical Drug Comp
43526395,FALSE,,prednisolone acetate 10 MG/ML Ophthalmic Suspension,S,,NULL,,1376336,Drug,RxNorm,Clinical Drug
42902156,FALSE,,methylprednisolone acetate 0.005 MG/MG Topical Ointment,S,,NULL,,1358744,Drug,RxNorm,Clinical Drug
42902157,FALSE,,methylprednisolone acetate 10 MG/ML / neomycin 3.5 MG/ML Topical Cream,S,,NULL,,1358746,Drug,RxNorm,Clinical Drug
42902158,TRUE,,methylprednisolone acetate 16 MG/ML Injectable Suspension,S,,NULL,,1358748,Drug,RxNorm,Clinical Drug
42902159,FALSE,,methylprednisolone acetate 2.5 MG/ML / neomycin 3.5 MG/ML Topical Cream,S,,NULL,,1358750,Drug,RxNorm,Clinical Drug
42902162,FALSE,,methylprednisolone acetate 2.5 MG/ML Topical Cream,S,,NULL,,1358754,Drug,RxNorm,Clinical Drug
42902166,FALSE,,methylprednisolone acetate 40 MG Enema,S,,NULL,,1358761,Drug,RxNorm,Clinical Drug
44815777,TRUE,,prednisolone 10 MG/ML [Solu-Delta-Cortef],S,,NULL,,1493167,Drug,RxNorm,Branded Drug Comp
44815778,TRUE,,prednisolone Injectable Solution [Solu-Delta-Cortef],S,,NULL,,1493168,Drug,RxNorm,Branded Drug Form
44815779,TRUE,,prednisolone 50 MG/ML [Solu-Delta-Cortef],S,,NULL,,1493172,Drug,RxNorm,Branded Drug Comp
44816139,TRUE,,prednisolone 10 MG/ML Injectable Solution [Solu-Delta-Cortef],S,,NULL,,1493170,Drug,RxNorm,Branded Drug
44816140,TRUE,,prednisolone 50 MG/ML Injectable Solution,S,,NULL,,1493171,Drug,RxNorm,Clinical Drug
44816141,TRUE,,prednisolone 50 MG/ML Injectable Solution [Solu-Delta-Cortef],S,,NULL,,1493173,Drug,RxNorm,Branded Drug
45774913,TRUE,,methylprednisolone acetate 40 ML,S,,NULL,,1545708,Drug,RxNorm,Clinical Drug Comp
45774914,TRUE,,methylprednisolone acetate 40 ML Injectable Suspension,S,,NULL,,1545709,Drug,RxNorm,Clinical Drug
45774915,TRUE,,methylprednisolone acetate 40 ML [Depo-Medrol],S,,NULL,,1545711,Drug,RxNorm,Branded Drug Comp
45774916,TRUE,,methylprednisolone acetate 40 ML Injectable Suspension [Depo-Medrol],S,,NULL,,1545712,Drug,RxNorm,Branded Drug
45776347,FALSE,,prednisolone sodium phosphate 5 MG/ML Ophthalmic Solution,S,,NULL,,1547974,Drug,RxNorm,Clinical Drug
45776437,FALSE,,prednisolone acetate 10 MG/ML [Econopred Plus],S,,NULL,,1548704,Drug,RxNorm,Branded Drug Comp
45776438,FALSE,,prednisolone acetate 10 MG/ML Ophthalmic Suspension [Econopred Plus],S,,NULL,,1548705,Drug,RxNorm,Branded Drug
45776439,FALSE,,prednisolone acetate 10 MG/ML [Omnipred],S,,NULL,,1548713,Drug,RxNorm,Branded Drug Comp
45776440,FALSE,,prednisolone acetate 10 MG/ML Ophthalmic Suspension [Omnipred],S,,NULL,,1548714,Drug,RxNorm,Branded Drug
45776441,FALSE,,prednisolone acetate 10 MG/ML [Pred Forte],S,,NULL,,1548723,Drug,RxNorm,Branded Drug Comp
45776442,FALSE,,prednisolone acetate 10 MG/ML Ophthalmic Suspension [Pred Forte],S,,NULL,,1548724,Drug,RxNorm,Branded Drug
45776443,FALSE,,prednisolone acetate 10 MG/ML [Ocu-Pred-A],S,,NULL,,1548738,Drug,RxNorm,Branded Drug Comp
45776444,FALSE,,prednisolone acetate 10 MG/ML Ophthalmic Suspension [Ocu-Pred-A],S,,NULL,,1548739,Drug,RxNorm,Branded Drug
45776580,FALSE,,prednisolone acetate 1.25 MG/ML,S,,NULL,,1549314,Drug,RxNorm,Clinical Drug Comp
45776581,FALSE,,prednisolone acetate 1.25 MG/ML Ophthalmic Suspension,S,,NULL,,1549315,Drug,RxNorm,Clinical Drug
45776582,FALSE,,prednisolone acetate 1.25 MG/ML [Econopred],S,,NULL,,1549316,Drug,RxNorm,Branded Drug Comp
45776583,FALSE,,prednisolone acetate 1.25 MG/ML Ophthalmic Suspension [Econopred],S,,NULL,,1549317,Drug,RxNorm,Branded Drug
